LeadID,Age,Gender,Location,LeadSource,TimeSpent (minutes),PagesViewed,LeadStatus,EmailSent,DeviceType,ReferralSource,FormSubmissions,Downloads,CTR_ProductPage,ResponseTime (hours),FollowUpEmails,SocialMediaEngagement,PaymentHistory,Conversion,feedback
22,32,Male,Islamabad,Social Media,60,15,Hot,4,Desktop,Facebook,1,2,0.1,14,4,115,Good,1,It’s a reliable product.
415,30,Male,Karachi,Email,36,12,Hot,9,Tablet,ReferralSite,5,3,0.5,17,9,66,Good,1,A decent product with good value.
416,31,Male,Lahore,Organic,44,15,Hot,8,Tablet,ReferralSite,5,0,0.3,23,2,51,Good,1,A good choice for anyone considering it.
429,34,Male,Lahore,Email,28,14,Hot,9,Tablet,ReferralSite,2,0,0.5,9,9,62,Good,1,This is exactly what I was looking for.
546,31,Male,Islamabad,Referral,15,13,Cold,8,Mobile,Google,2,0,0.8,9,8,118,No Payment,1,I really liked the product.
620,37,Female,Islamabad,Organic,51,13,Hot,2,Desktop,Google,5,0,0.5,11,10,171,Good,1,The quality is impressive for the price.
646,33,Female,Islamabad,Organic,12,15,Hot,7,Mobile,Direct,4,3,0.6,3,6,82,No Payment,1,"It’s nice to have, though not life-changing."
697,39,Male,Lahore,Organic,54,11,Hot,1,Desktop,Google,0,3,0.2,1,3,176,No Payment,1,It’s a reliable product.
892,32,Female,Islamabad,Social Media,58,14,Cold,9,Desktop,Facebook,2,1,0.6,1,9,134,No Payment,1,It has improved my workflow significantly.
898,37,Male,Lahore,Social Media,34,12,Hot,5,Tablet,Facebook,2,3,0.7,14,6,116,No Payment,1,I really liked the product.
1353,40,Male,Karachi,Referral,23,13,Hot,8,Desktop,Twitter,2,0,0.2,14,6,128,Good,1,The product is amazing!
1446,44,Male,Islamabad,Email,54,13,Cold,8,Tablet,Google,5,0,0.3,21,5,115,No Payment,1,A good choice for anyone considering it.
1528,49,Male,Lahore,Organic,21,13,Cold,7,Mobile,Facebook,2,2,0.4,22,8,36,No Payment,1,"Happy with the purchase, though not exceptional."
1542,34,Male,Karachi,Email,32,14,Warm,10,Mobile,Google,5,2,0.4,17,8,102,No Payment,1,The product is amazing!
1554,29,Female,Karachi,Email,34,12,Hot,0,Desktop,Facebook,5,3,0.4,20,3,82,No Payment,1,Very satisfied with the service.
1584,37,Female,Islamabad,Social Media,23,13,Warm,8,Desktop,Direct,0,3,0.7,6,10,42,No Payment,1,It’s a reliable product.
1612,50,Female,Lahore,Email,50,14,Cold,6,Tablet,Direct,1,1,0.5,5,8,165,No Payment,1,It does the job as advertised.
1633,44,Female,Islamabad,Organic,30,15,Cold,8,Tablet,Twitter,2,0,0.3,5,9,193,No Payment,1,"It’s nice to have, though not life-changing."
1954,48,Male,Karachi,Referral,28,14,Cold,9,Mobile,Twitter,5,0,0.1,4,10,50,No Payment,1,The product works well for my needs.
2086,40,Male,Lahore,Email,44,15,Hot,2,Tablet,Twitter,4,1,0.4,21,3,91,Good,1,"Satisfied overall, no major complaints."
2126,49,Male,Karachi,Organic,11,15,Hot,7,Tablet,Google,0,3,0.5,2,8,105,Good,1,Very satisfied with the service.
2229,29,Male,Lahore,Social Media,54,11,Hot,7,Desktop,Facebook,5,0,0.6,12,8,39,Good,1,A good choice for anyone considering it.
2239,29,Male,Karachi,Social Media,42,13,Hot,7,Desktop,Facebook,2,2,0.4,19,1,95,No Payment,1,The quality is impressive for the price.
2269,39,Male,Karachi,Email,36,14,Cold,7,Tablet,Twitter,0,1,0.7,16,10,21,Good,1,A decent product with good value.
2299,37,Male,Islamabad,Email,42,11,Hot,8,Desktop,ReferralSite,5,2,0.3,19,9,183,Good,1,A good choice for anyone considering it.
2315,46,Male,Islamabad,Social Media,19,13,Hot,10,Mobile,Twitter,4,0,0.7,15,6,165,Good,1,"Satisfied overall, no major complaints."
2350,41,Male,Lahore,Referral,30,14,Cold,6,Mobile,Google,0,3,0.6,3,8,200,Good,1,The product works well for my needs.
2363,30,Male,Lahore,Email,40,15,Warm,9,Mobile,Direct,3,3,0.1,4,10,140,No Payment,1,"Satisfied overall, no major complaints."
2560,31,Female,Lahore,Email,39,14,Cold,10,Tablet,Facebook,0,0,0.6,18,8,79,No Payment,1,This is exactly what I was looking for.
2580,39,Male,Lahore,Organic,44,15,Cold,7,Desktop,Twitter,5,3,0.6,3,6,177,Good,1,It’s a reliable product.
2774,45,Female,Karachi,Organic,24,14,Cold,8,Desktop,Facebook,5,3,0.8,13,7,48,Good,1,The quality is impressive for the price.
2776,39,Female,Islamabad,Referral,33,13,Hot,7,Desktop,Direct,2,3,0.4,10,6,74,Good,1,"Good quality, but there’s room for improvement."
2917,40,Female,Lahore,Email,26,15,Warm,6,Mobile,ReferralSite,2,2,0.4,9,9,193,Good,1,This product is quite useful.
3009,48,Female,Karachi,Social Media,7,14,Cold,9,Mobile,Direct,5,1,0.2,16,7,123,Good,1,It’s a reliable product.
3054,32,Male,Lahore,Organic,44,15,Hot,6,Mobile,Facebook,1,3,0.4,11,0,27,No Payment,1,"Happy with the purchase, though not exceptional."
3076,25,Female,Karachi,Referral,49,15,Hot,7,Tablet,Twitter,4,1,0.6,5,0,34,Good,1,This is exactly what I was looking for.
3192,37,Female,Islamabad,Social Media,23,14,Cold,10,Tablet,Facebook,1,0,0.3,18,10,75,No Payment,1,A decent product with good value.
3296,43,Male,Karachi,Organic,56,13,Cold,7,Desktop,Google,3,1,0.4,24,6,37,Good,1,A decent product with good value.
3316,33,Male,Lahore,Referral,30,14,Warm,9,Tablet,Twitter,5,0,0.7,11,5,49,Good,1,The product is amazing!
3328,37,Male,Islamabad,Social Media,54,15,Hot,9,Desktop,Google,4,2,0.2,20,1,52,Good,1,A decent product with good value.
3337,39,Female,Karachi,Social Media,20,13,Warm,6,Tablet,Twitter,4,1,0.1,21,5,154,Good,1,Great experience!
3408,25,Female,Karachi,Social Media,36,14,Hot,6,Tablet,Twitter,0,0,0.2,24,1,142,No Payment,1,The product is amazing!
3515,34,Female,Islamabad,Organic,36,13,Hot,2,Desktop,Direct,4,1,0.4,2,10,119,No Payment,1,I use it regularly and it meets my expectations.
3524,26,Female,Karachi,Social Media,60,15,Hot,6,Desktop,Twitter,5,0,0.1,10,1,141,No Payment,1,It has improved my workflow significantly.
3554,38,Male,Islamabad,Referral,59,12,Hot,3,Desktop,Twitter,3,3,0.3,4,1,95,Good,1,"Satisfied overall, no major complaints."
3555,36,Female,Karachi,Referral,59,13,Hot,10,Mobile,Google,2,0,0.3,9,3,107,No Payment,1,It has improved my workflow significantly.
3570,30,Male,Karachi,Organic,47,12,Hot,8,Tablet,Twitter,4,0,0.4,17,3,192,Good,1,I use it regularly and it meets my expectations.
3631,41,Male,Karachi,Social Media,40,13,Cold,7,Desktop,ReferralSite,3,2,0.3,18,7,22,Good,1,A decent product with good value.
3689,34,Female,Karachi,Email,51,15,Cold,6,Desktop,Facebook,2,2,0.1,19,4,77,Good,1,The quality is impressive for the price.
3710,31,Female,Islamabad,Organic,11,14,Warm,6,Tablet,ReferralSite,0,1,0.2,24,7,101,Good,1,The product works well for my needs.
3788,34,Male,Islamabad,Organic,53,14,Cold,8,Desktop,ReferralSite,1,2,0.1,11,10,103,No Payment,1,"It’s nice to have, though not life-changing."
3808,35,Male,Islamabad,Email,22,13,Hot,9,Desktop,Google,3,3,0.5,5,8,70,No Payment,1,This is exactly what I was looking for.
3887,33,Male,Karachi,Organic,48,13,Hot,3,Tablet,Twitter,3,1,0.2,9,5,26,No Payment,1,The quality is impressive for the price.
3913,34,Male,Islamabad,Referral,58,12,Hot,10,Mobile,Facebook,5,2,0.7,2,4,121,Good,1,The product works well for my needs.
3961,40,Female,Islamabad,Referral,37,13,Hot,1,Tablet,Google,1,3,0.8,7,10,120,No Payment,1,"Satisfied overall, no major complaints."
3963,25,Female,Lahore,Referral,52,11,Hot,2,Tablet,ReferralSite,0,2,0.5,10,9,117,No Payment,1,I am generally pleased with the purchase.
3968,40,Female,Karachi,Referral,44,15,Hot,6,Mobile,Twitter,5,2,0.5,8,1,157,Good,1,"Happy with the purchase, though not exceptional."
4039,30,Female,Karachi,Organic,39,15,Hot,2,Tablet,Google,2,2,0.5,11,3,115,Good,1,This product is quite useful.
4109,36,Female,Karachi,Organic,51,12,Hot,1,Mobile,ReferralSite,0,2,0.2,14,3,113,No Payment,1,"Good quality, but there’s room for improvement."
4120,43,Male,Lahore,Social Media,12,15,Hot,10,Mobile,Google,5,1,0.1,5,7,127,No Payment,1,I really liked the product.
4290,43,Male,Karachi,Referral,12,13,Warm,7,Mobile,Facebook,0,1,0.3,11,8,137,No Payment,1,The product works well for my needs.
4451,40,Male,Karachi,Social Media,45,12,Hot,6,Desktop,Google,4,0,0.6,21,9,34,Good,1,I am generally pleased with the purchase.
4554,26,Female,Islamabad,Organic,33,11,Hot,2,Mobile,ReferralSite,3,0,0.8,18,6,158,No Payment,1,"It’s nice to have, though not life-changing."
4603,26,Male,Karachi,Email,51,15,Hot,2,Mobile,Twitter,3,2,0.2,2,3,151,Good,1,I use it regularly and it meets my expectations.
4861,32,Male,Islamabad,Organic,17,13,Hot,6,Mobile,Twitter,5,2,0.7,11,9,117,No Payment,1,It does the job as advertised.
4888,42,Female,Karachi,Email,42,14,Cold,10,Desktop,ReferralSite,2,0,0.2,8,6,121,No Payment,1,"Satisfied overall, no major complaints."
4936,30,Female,Lahore,Social Media,49,12,Hot,0,Tablet,Direct,1,2,0.4,12,7,169,Good,1,It has improved my workflow significantly.
4973,31,Female,Karachi,Referral,17,14,Warm,9,Tablet,Twitter,5,0,0.2,13,7,44,Good,1,The product is amazing!
5010,50,Male,Karachi,Email,18,15,Warm,8,Desktop,ReferralSite,5,1,0.3,19,6,45,Good,1,It’s a reliable product.
5064,44,Male,Lahore,Social Media,22,15,Hot,9,Mobile,Google,4,1,0.3,3,4,39,No Payment,1,Very satisfied with the service.
5107,50,Female,Islamabad,Organic,36,15,Hot,8,Desktop,Twitter,2,0,0.4,13,6,98,No Payment,1,"Happy with the purchase, though not exceptional."
5127,43,Female,Lahore,Referral,39,14,Cold,10,Tablet,ReferralSite,2,1,0.5,18,8,54,Good,1,The product is amazing!
5241,31,Male,Karachi,Social Media,44,14,Warm,8,Tablet,ReferralSite,4,1,0.6,15,10,104,No Payment,1,The quality is impressive for the price.
5290,40,Female,Lahore,Organic,13,15,Warm,10,Desktop,Twitter,1,2,0.1,10,8,148,No Payment,1,"It’s nice to have, though not life-changing."
5300,35,Female,Karachi,Social Media,21,14,Cold,9,Desktop,ReferralSite,4,0,0.7,12,5,119,No Payment,1,"It’s nice to have, though not life-changing."
5349,33,Female,Islamabad,Referral,30,14,Hot,8,Tablet,ReferralSite,1,1,0.6,21,9,186,No Payment,1,This product is quite useful.
5458,41,Male,Islamabad,Email,33,15,Hot,6,Desktop,Twitter,2,0,0.7,23,6,64,Good,1,Great experience!
5476,28,Male,Lahore,Organic,55,14,Hot,6,Mobile,Facebook,1,2,0.5,12,0,113,Good,1,The product works well for my needs.
5502,38,Male,Karachi,Social Media,35,12,Hot,3,Desktop,Google,5,0,0.4,20,8,46,Good,1,It does the job as advertised.
5512,40,Female,Lahore,Organic,57,14,Hot,7,Desktop,ReferralSite,1,0,0.5,9,8,191,Good,1,The product works well for my needs.
5551,38,Male,Karachi,Social Media,53,15,Warm,9,Mobile,Facebook,4,0,0.6,5,10,177,Good,1,"Good quality, but there’s room for improvement."
5629,25,Female,Lahore,Organic,40,12,Hot,7,Desktop,Twitter,1,2,0.5,15,1,191,Good,1,A good choice for anyone considering it.
5657,30,Female,Karachi,Email,32,14,Hot,8,Tablet,ReferralSite,2,3,0.3,7,1,124,Good,1,It does the job as advertised.
5728,42,Female,Lahore,Email,45,13,Hot,9,Mobile,Twitter,1,3,0.4,3,8,131,No Payment,1,It does the job as advertised.
5729,40,Female,Islamabad,Social Media,8,13,Hot,7,Desktop,Facebook,2,3,0.1,2,10,162,No Payment,1,"Satisfied overall, no major complaints."
5797,25,Female,Karachi,Organic,58,12,Hot,4,Desktop,Twitter,4,1,0.1,22,7,174,No Payment,1,The product works well for my needs.
5843,30,Female,Lahore,Email,45,12,Hot,6,Tablet,Twitter,2,0,0.7,21,3,26,Good,1,Very satisfied with the service.
5850,40,Female,Islamabad,Organic,40,12,Hot,10,Tablet,Google,2,0,0.5,2,3,102,No Payment,1,A decent product with good value.
5950,25,Male,Islamabad,Social Media,46,11,Hot,0,Mobile,Facebook,5,3,0.3,13,0,122,No Payment,1,A decent product with good value.
5952,47,Female,Karachi,Email,39,14,Cold,7,Desktop,ReferralSite,5,0,0.7,22,6,69,Good,1,Very satisfied with the service.
5973,32,Female,Islamabad,Organic,50,13,Hot,5,Mobile,ReferralSite,5,0,0.7,6,5,102,No Payment,1,This is exactly what I was looking for.
5989,27,Female,Islamabad,Organic,45,13,Hot,10,Tablet,Twitter,2,2,0.5,14,5,188,No Payment,1,It does the job as advertised.
6089,39,Female,Islamabad,Organic,33,11,Hot,9,Tablet,Twitter,1,2,0.5,2,0,146,No Payment,1,A decent product with good value.
6153,26,Female,Karachi,Organic,57,12,Hot,6,Desktop,Facebook,3,2,0.3,3,0,92,Good,1,I use it regularly and it meets my expectations.
6197,40,Male,Lahore,Referral,37,13,Hot,10,Desktop,Direct,3,3,0.2,13,3,139,Good,1,The product works well for my needs.
6233,38,Female,Karachi,Email,44,12,Hot,9,Tablet,Direct,2,0,0.5,13,5,28,No Payment,1,A decent product with good value.
6235,30,Male,Lahore,Social Media,9,13,Warm,9,Tablet,Direct,3,3,0.5,2,5,142,No Payment,1,The quality is impressive for the price.
6382,25,Male,Islamabad,Referral,46,15,Hot,10,Mobile,Facebook,5,2,0.4,7,6,191,No Payment,1,This is exactly what I was looking for.
6445,41,Male,Lahore,Social Media,13,15,Cold,7,Tablet,Google,2,1,0.4,15,9,144,No Payment,1,The quality is impressive for the price.
6517,29,Male,Lahore,Referral,49,14,Hot,2,Tablet,Google,0,2,0.7,10,10,89,Good,1,The product is amazing!
6589,45,Male,Lahore,Referral,18,14,Cold,10,Desktop,Direct,5,3,0.5,12,10,181,Good,1,Very satisfied with the service.
6644,39,Female,Karachi,Email,56,14,Warm,10,Tablet,Facebook,5,1,0.4,20,5,106,No Payment,1,The product is amazing!
6667,31,Male,Lahore,Organic,52,13,Hot,3,Tablet,Google,5,0,0.3,9,7,37,No Payment,1,The quality is impressive for the price.
6734,45,Male,Lahore,Organic,45,13,Warm,9,Tablet,Google,1,3,0.3,3,8,122,No Payment,1,"Satisfied overall, no major complaints."
6751,29,Female,Lahore,Referral,47,14,Hot,5,Mobile,Facebook,0,1,0.5,8,3,61,Good,1,"Good quality, but there’s room for improvement."
6880,29,Male,Islamabad,Referral,56,14,Hot,5,Desktop,Facebook,4,2,0.2,23,1,194,Good,1,"Satisfied overall, no major complaints."
6911,38,Female,Islamabad,Referral,43,15,Warm,8,Desktop,Direct,0,0,0.5,7,10,22,No Payment,1,A decent product with good value.
6932,35,Male,Lahore,Organic,52,11,Hot,3,Desktop,Twitter,3,2,0.7,6,9,86,No Payment,1,"Happy with the purchase, though not exceptional."
6950,34,Male,Islamabad,Social Media,45,11,Hot,10,Mobile,Direct,0,3,0.6,4,4,103,Good,1,"Happy with the purchase, though not exceptional."
6968,44,Male,Lahore,Organic,11,14,Warm,9,Desktop,Google,1,1,0.4,10,5,112,No Payment,1,I am generally pleased with the purchase.
6982,36,Male,Islamabad,Organic,38,12,Hot,3,Desktop,Google,4,2,0.3,20,9,63,No Payment,1,This is exactly what I was looking for.
7008,26,Male,Islamabad,Email,32,14,Hot,5,Tablet,Google,3,2,0.5,24,1,193,No Payment,1,Great experience!
7096,33,Male,Lahore,Email,17,14,Warm,8,Mobile,ReferralSite,0,2,0.3,9,5,193,Good,1,The quality is impressive for the price.
7102,34,Female,Karachi,Organic,9,14,Hot,6,Mobile,Google,1,3,0.4,19,7,39,No Payment,1,The quality is impressive for the price.
7195,42,Male,Karachi,Social Media,36,15,Warm,7,Mobile,ReferralSite,4,0,0.3,3,4,120,No Payment,1,Very satisfied with the service.
7304,46,Male,Islamabad,Email,49,15,Cold,9,Tablet,Twitter,2,2,0.3,4,8,51,No Payment,1,The product is amazing!
7313,47,Male,Lahore,Social Media,14,14,Hot,6,Desktop,ReferralSite,1,2,0.7,4,8,176,Good,1,"Satisfied overall, no major complaints."
7338,25,Female,Lahore,Referral,50,14,Hot,8,Mobile,Facebook,5,3,0.3,10,6,85,No Payment,1,It does the job as advertised.
7406,33,Female,Karachi,Social Media,16,15,Cold,10,Desktop,Direct,4,1,0.3,10,10,69,No Payment,1,"Solid product, works as expected."
7574,40,Female,Karachi,Referral,32,11,Hot,4,Mobile,ReferralSite,4,0,0.6,4,4,143,Good,1,Great experience!
7656,37,Male,Karachi,Social Media,26,14,Hot,7,Desktop,Google,5,3,0.4,23,6,177,No Payment,1,A decent product with good value.
7698,31,Female,Islamabad,Email,52,14,Warm,7,Desktop,Direct,0,1,0.5,3,10,158,No Payment,1,This is exactly what I was looking for.
7752,27,Female,Karachi,Organic,31,12,Hot,6,Tablet,Twitter,1,2,0.5,24,8,93,Good,1,"It’s nice to have, though not life-changing."
7755,29,Female,Islamabad,Social Media,31,13,Hot,10,Desktop,ReferralSite,2,3,0.4,22,8,21,Good,1,"Good quality, but there’s room for improvement."
7825,44,Female,Islamabad,Email,29,14,Warm,8,Mobile,Facebook,0,2,0.6,19,6,100,Good,1,"Good quality, but there’s room for improvement."
7891,37,Female,Lahore,Referral,6,15,Hot,7,Desktop,Direct,3,2,0.8,6,4,119,Good,1,It has improved my workflow significantly.
8030,40,Female,Islamabad,Email,55,13,Hot,0,Mobile,Google,4,0,0.6,2,5,86,No Payment,1,"Good quality, but there’s room for improvement."
8050,33,Male,Islamabad,Organic,35,15,Warm,9,Mobile,Google,4,1,0.1,13,8,113,No Payment,1,The product works well for my needs.
8132,39,Male,Karachi,Organic,45,15,Warm,7,Mobile,Google,5,2,0.3,24,4,36,No Payment,1,The quality is impressive for the price.
8181,47,Male,Islamabad,Organic,16,14,Hot,9,Desktop,Google,0,0,0.6,17,8,130,No Payment,1,I am generally pleased with the purchase.
8223,44,Female,Lahore,Organic,26,13,Cold,8,Desktop,Facebook,2,1,0.7,24,4,123,Good,1,"Satisfied overall, no major complaints."
8285,38,Male,Karachi,Referral,23,13,Cold,9,Desktop,Direct,2,1,0.8,1,10,122,No Payment,1,This product is quite useful.
8430,50,Male,Lahore,Referral,9,15,Hot,8,Desktop,Twitter,1,0,0.5,3,8,162,No Payment,1,I really liked the product.
8442,49,Female,Islamabad,Social Media,19,15,Cold,6,Tablet,Twitter,4,3,0.7,7,9,71,Good,1,It has improved my workflow significantly.
8470,38,Female,Karachi,Email,46,14,Cold,9,Tablet,Direct,3,0,0.7,4,10,75,No Payment,1,"Satisfied overall, no major complaints."
8536,47,Male,Islamabad,Social Media,19,15,Cold,7,Mobile,Google,3,3,0.5,6,7,63,Good,1,The quality is impressive for the price.
8541,31,Male,Karachi,Email,41,12,Hot,4,Tablet,Twitter,0,2,0.2,13,6,53,No Payment,1,It has improved my workflow significantly.
8578,47,Male,Lahore,Referral,42,15,Cold,8,Tablet,Direct,5,2,0.1,7,7,138,No Payment,1,It does the job as advertised.
8609,25,Male,Lahore,Referral,37,12,Hot,2,Tablet,Twitter,5,0,0.3,14,2,75,Good,1,I am generally pleased with the purchase.
8629,43,Female,Lahore,Referral,18,13,Cold,6,Mobile,Facebook,0,0,0.3,7,9,163,No Payment,1,I am generally pleased with the purchase.
8661,50,Male,Karachi,Social Media,11,14,Warm,8,Tablet,Twitter,5,3,0.4,19,8,126,No Payment,1,I really liked the product.
8925,42,Female,Karachi,Organic,15,13,Cold,7,Desktop,ReferralSite,3,3,0.5,7,5,98,No Payment,1,A decent product with good value.
9060,25,Female,Islamabad,Social Media,47,11,Hot,8,Desktop,Google,1,1,0.7,24,9,152,No Payment,1,The product works well for my needs.
9119,39,Female,Karachi,Referral,57,15,Cold,10,Desktop,Direct,4,2,0.2,7,10,181,No Payment,1,This is exactly what I was looking for.
9355,36,Male,Islamabad,Social Media,44,15,Hot,10,Tablet,Google,5,1,0.4,20,2,26,No Payment,1,"Solid product, works as expected."
9362,41,Female,Karachi,Social Media,45,14,Warm,8,Tablet,Twitter,5,3,0.4,7,6,149,No Payment,1,I really liked the product.
9516,32,Male,Lahore,Organic,43,14,Hot,7,Mobile,ReferralSite,0,0,0.4,18,6,59,Good,1,This product is quite useful.
9584,25,Female,Lahore,Organic,33,13,Hot,1,Mobile,Facebook,1,3,0.3,1,0,187,No Payment,1,This is exactly what I was looking for.
9671,32,Male,Lahore,Email,31,15,Hot,0,Mobile,Twitter,5,3,0.2,24,2,22,Good,1,"Solid product, works as expected."
9706,32,Female,Islamabad,Social Media,47,14,Hot,6,Desktop,Direct,3,1,0.2,23,4,191,No Payment,1,A good choice for anyone considering it.
9718,39,Female,Islamabad,Organic,36,14,Hot,3,Mobile,Direct,2,0,0.5,10,3,114,Good,1,The quality is impressive for the price.
9766,31,Male,Lahore,Social Media,59,14,Cold,10,Tablet,Twitter,3,3,0.3,1,8,129,Good,1,It does the job as advertised.
9772,34,Female,Islamabad,Referral,49,11,Hot,3,Desktop,ReferralSite,2,1,0.7,24,1,89,No Payment,1,"It’s nice to have, though not life-changing."
9844,35,Female,Karachi,Email,57,13,Hot,6,Tablet,Direct,4,2,0.2,21,6,35,No Payment,1,A decent product with good value.
9846,37,Male,Islamabad,Organic,15,15,Warm,8,Desktop,Twitter,1,0,0.2,1,5,78,No Payment,1,A decent product with good value.
9886,49,Female,Islamabad,Social Media,7,14,Warm,8,Mobile,Twitter,2,0,0.4,3,4,64,No Payment,1,The quality is impressive for the price.
9901,38,Male,Karachi,Referral,60,13,Hot,4,Tablet,Direct,5,2,0.7,11,9,93,Good,1,"Happy with the purchase, though not exceptional."
9912,31,Male,Islamabad,Referral,51,15,Hot,10,Tablet,Facebook,5,0,0.3,6,0,159,Good,1,"Satisfied overall, no major complaints."
9946,30,Male,Karachi,Email,10,15,Hot,8,Mobile,Facebook,3,1,0.1,5,7,118,No Payment,1,It does the job as advertised.
9955,32,Female,Lahore,Organic,57,12,Hot,10,Tablet,Google,1,3,0.2,5,3,115,Good,1,It does the job as advertised.
9991,36,Female,Karachi,Social Media,8,15,Cold,9,Tablet,Google,2,3,0.5,10,9,137,No Payment,1,A good choice for anyone considering it.
10148,43,Male,Lahore,Referral,24,14,Cold,8,Tablet,Direct,5,1,0.3,17,8,186,No Payment,1,This product is quite useful.
10317,32,Female,Lahore,Organic,12,14,Hot,9,Tablet,Direct,3,2,0.3,15,10,46,No Payment,1,Very satisfied with the service.
10359,33,Male,Lahore,Email,60,15,Cold,8,Mobile,Twitter,1,3,0.8,8,4,36,Good,1,A good choice for anyone considering it.
10434,38,Female,Lahore,Referral,8,15,Cold,8,Desktop,Twitter,5,3,0.6,14,7,59,No Payment,1,"It’s nice to have, though not life-changing."
10669,37,Male,Karachi,Social Media,42,14,Cold,6,Tablet,Twitter,0,2,0.2,18,9,106,No Payment,1,I use it regularly and it meets my expectations.
10688,34,Female,Islamabad,Organic,42,14,Hot,3,Mobile,Facebook,1,3,0.5,11,3,36,Good,1,"It’s nice to have, though not life-changing."
10694,39,Female,Lahore,Organic,46,12,Hot,3,Desktop,Google,3,2,0.4,9,0,140,Good,1,A good choice for anyone considering it.
10800,30,Male,Karachi,Organic,42,14,Hot,9,Mobile,ReferralSite,4,0,0.4,4,6,94,No Payment,1,"Happy with the purchase, though not exceptional."
10808,39,Female,Islamabad,Social Media,8,13,Warm,9,Tablet,Twitter,5,2,0.7,8,10,186,No Payment,1,"Happy with the purchase, though not exceptional."
10986,37,Female,Islamabad,Referral,53,13,Hot,4,Mobile,ReferralSite,4,1,0.1,10,4,141,Good,1,It does the job as advertised.
11113,42,Male,Lahore,Organic,10,15,Hot,6,Mobile,ReferralSite,3,3,0.6,13,4,21,No Payment,1,"Happy with the purchase, though not exceptional."
11366,30,Male,Lahore,Social Media,35,15,Hot,2,Tablet,ReferralSite,0,1,0.3,19,10,104,Good,1,The quality is impressive for the price.
11382,39,Female,Karachi,Email,47,14,Hot,4,Tablet,Twitter,3,2,0.8,3,4,107,Good,1,I really liked the product.
11500,34,Male,Lahore,Referral,53,14,Hot,2,Tablet,ReferralSite,0,2,0.5,11,9,30,No Payment,1,"Solid product, works as expected."
11551,36,Male,Islamabad,Organic,58,13,Hot,3,Desktop,Google,2,0,0.7,14,4,33,Good,1,A decent product with good value.
11615,37,Female,Lahore,Social Media,31,12,Hot,3,Tablet,ReferralSite,4,0,0.2,2,6,101,No Payment,1,Great experience!
11665,50,Female,Islamabad,Referral,14,15,Warm,7,Tablet,Google,4,0,0.8,2,6,31,No Payment,1,Great experience!
11683,29,Male,Karachi,Referral,58,11,Hot,1,Mobile,ReferralSite,1,3,0.6,10,7,23,Good,1,A good choice for anyone considering it.
11694,28,Male,Karachi,Referral,33,11,Hot,8,Desktop,Facebook,4,0,0.5,18,0,34,Good,1,I am generally pleased with the purchase.
11768,34,Female,Lahore,Email,55,12,Hot,7,Mobile,Facebook,0,1,0.6,6,5,152,No Payment,1,"Good quality, but there’s room for improvement."
11784,38,Male,Karachi,Social Media,43,14,Cold,7,Mobile,Direct,4,3,0.6,15,6,186,Good,1,"Good quality, but there’s room for improvement."
11813,28,Male,Islamabad,Organic,50,13,Hot,7,Desktop,Google,4,2,0.5,19,5,56,Good,1,"Solid product, works as expected."
11970,47,Female,Islamabad,Social Media,60,13,Warm,6,Mobile,ReferralSite,1,0,0.2,11,4,57,No Payment,1,The quality is impressive for the price.
11985,48,Male,Lahore,Email,17,13,Warm,7,Tablet,Direct,4,1,0.5,5,5,193,No Payment,1,The quality is impressive for the price.
12003,42,Male,Lahore,Organic,8,14,Hot,6,Tablet,Google,4,1,0.4,20,6,141,Good,1,"Happy with the purchase, though not exceptional."
12019,40,Female,Lahore,Referral,22,13,Cold,10,Mobile,Direct,5,3,0.8,23,8,120,No Payment,1,Very satisfied with the service.
12028,33,Female,Karachi,Organic,50,14,Cold,9,Desktop,Twitter,4,0,0.4,6,6,129,Good,1,This is exactly what I was looking for.
12092,43,Female,Lahore,Organic,28,15,Warm,8,Desktop,Direct,5,0,0.6,1,9,60,Good,1,It’s a reliable product.
12371,39,Male,Lahore,Social Media,42,15,Hot,1,Desktop,Twitter,1,0,0.6,8,9,104,Good,1,Great experience!
12425,32,Female,Karachi,Email,58,15,Hot,6,Mobile,Facebook,0,2,0.4,20,2,81,No Payment,1,This product is quite useful.
12450,32,Male,Islamabad,Email,23,14,Hot,7,Tablet,Twitter,0,3,0.7,6,10,76,No Payment,1,It does the job as advertised.
12466,47,Male,Karachi,Email,43,13,Warm,8,Desktop,Twitter,5,2,0.7,18,7,134,Good,1,"Satisfied overall, no major complaints."
12488,39,Male,Lahore,Email,47,12,Hot,10,Mobile,Facebook,0,0,0.2,3,2,185,No Payment,1,"It’s nice to have, though not life-changing."
12497,38,Female,Islamabad,Social Media,43,11,Hot,9,Mobile,Google,2,2,0.5,12,1,68,No Payment,1,"Satisfied overall, no major complaints."
12572,31,Female,Karachi,Social Media,45,13,Hot,8,Tablet,Google,0,1,0.5,13,3,181,Good,1,I am generally pleased with the purchase.
12663,35,Female,Islamabad,Organic,58,12,Hot,5,Mobile,Direct,3,1,0.4,18,2,156,Good,1,A good choice for anyone considering it.
12676,43,Female,Karachi,Email,28,15,Hot,7,Mobile,Direct,0,2,0.2,5,9,90,Good,1,"Happy with the purchase, though not exceptional."
12822,50,Male,Karachi,Email,34,13,Cold,8,Mobile,Facebook,3,2,0.4,11,5,159,No Payment,1,This is exactly what I was looking for.
12828,47,Female,Karachi,Social Media,21,15,Cold,8,Mobile,Direct,5,2,0.2,13,5,184,No Payment,1,It’s a reliable product.
12961,47,Male,Karachi,Social Media,51,13,Warm,8,Desktop,Twitter,0,2,0.4,10,6,133,No Payment,1,A decent product with good value.
13066,29,Female,Islamabad,Social Media,43,12,Hot,9,Tablet,Direct,1,1,0.5,4,10,71,No Payment,1,I use it regularly and it meets my expectations.
13078,30,Female,Lahore,Social Media,13,15,Hot,8,Mobile,Facebook,0,1,0.5,22,10,171,Good,1,It has improved my workflow significantly.
13101,34,Male,Lahore,Referral,6,14,Warm,9,Mobile,Google,3,2,0.6,7,9,35,No Payment,1,This is exactly what I was looking for.
13163,29,Male,Lahore,Social Media,36,15,Hot,10,Mobile,Twitter,5,2,0.3,8,8,198,No Payment,1,The product is amazing!
13231,34,Female,Islamabad,Referral,24,13,Warm,10,Mobile,Facebook,1,0,0.6,14,4,165,Good,1,It’s a reliable product.
13232,39,Female,Lahore,Social Media,58,13,Cold,7,Mobile,Facebook,1,0,0.5,23,4,93,Good,1,Great experience!
13243,40,Female,Karachi,Email,47,14,Warm,6,Desktop,Google,0,2,0.7,1,8,180,Good,1,Very satisfied with the service.
13258,38,Male,Lahore,Organic,30,14,Cold,9,Tablet,Google,5,2,0.7,4,4,113,No Payment,1,Very satisfied with the service.
13316,37,Female,Lahore,Referral,54,14,Hot,4,Desktop,Facebook,2,2,0.7,5,2,140,Good,1,A decent product with good value.
13437,30,Female,Islamabad,Email,30,13,Cold,9,Desktop,Facebook,1,1,0.5,12,9,111,No Payment,1,It has improved my workflow significantly.
13473,35,Male,Islamabad,Organic,28,13,Cold,9,Tablet,Twitter,3,3,0.3,22,4,92,Good,1,The product works well for my needs.
13480,45,Female,Karachi,Referral,6,14,Hot,6,Tablet,ReferralSite,0,2,0.6,16,8,104,No Payment,1,"Happy with the purchase, though not exceptional."
13584,40,Male,Lahore,Organic,38,12,Hot,8,Desktop,Twitter,1,0,0.4,17,10,155,Good,1,"Good quality, but there’s room for improvement."
13606,44,Female,Karachi,Referral,10,15,Warm,10,Desktop,Twitter,0,1,0.2,14,5,43,Good,1,I really liked the product.
13640,38,Male,Karachi,Organic,59,13,Cold,6,Tablet,Google,0,0,0.2,2,8,153,No Payment,1,"Satisfied overall, no major complaints."
13884,31,Male,Islamabad,Social Media,38,14,Cold,6,Tablet,Facebook,1,1,0.5,24,8,129,No Payment,1,"Solid product, works as expected."
13903,38,Male,Islamabad,Referral,47,11,Hot,6,Tablet,Google,1,3,0.7,4,7,128,No Payment,1,A good choice for anyone considering it.
14099,25,Male,Islamabad,Organic,36,14,Hot,4,Desktop,Direct,1,2,0.4,10,1,61,No Payment,1,The product works well for my needs.
14105,38,Male,Islamabad,Social Media,34,15,Hot,1,Mobile,Facebook,5,0,0.2,7,2,133,Good,1,I am generally pleased with the purchase.
14230,39,Male,Lahore,Email,21,15,Cold,10,Mobile,ReferralSite,4,3,0.4,14,6,58,Good,1,"Good quality, but there’s room for improvement."
14279,40,Female,Lahore,Referral,31,11,Hot,1,Desktop,Facebook,1,3,0.6,19,0,146,No Payment,1,Very satisfied with the service.
14301,29,Female,Lahore,Email,37,11,Hot,2,Mobile,Direct,3,1,0.5,11,4,182,Good,1,This is exactly what I was looking for.
14367,26,Male,Islamabad,Referral,35,12,Hot,1,Tablet,Twitter,5,3,0.7,17,7,137,No Payment,1,"It’s nice to have, though not life-changing."
14536,44,Male,Islamabad,Social Media,5,15,Warm,8,Mobile,Google,0,2,0.5,7,7,124,No Payment,1,"It’s nice to have, though not life-changing."
14555,42,Female,Karachi,Social Media,6,13,Cold,6,Mobile,Google,1,3,0.7,23,5,97,No Payment,1,It has improved my workflow significantly.
14610,36,Female,Lahore,Organic,60,13,Hot,5,Desktop,Direct,4,1,0.2,18,4,179,Good,1,"Happy with the purchase, though not exceptional."
14737,46,Female,Lahore,Referral,54,13,Hot,6,Tablet,Twitter,1,1,0.5,21,6,21,Good,1,A good choice for anyone considering it.
14813,46,Male,Islamabad,Social Media,21,13,Hot,6,Tablet,Twitter,4,0,0.3,19,6,46,No Payment,1,Great experience!
14919,49,Male,Lahore,Email,9,13,Cold,9,Desktop,Facebook,5,1,0.7,10,6,24,No Payment,1,It has improved my workflow significantly.
15057,29,Male,Lahore,Referral,50,13,Hot,10,Tablet,ReferralSite,0,0,0.1,8,1,76,Good,1,This is exactly what I was looking for.
15154,36,Male,Islamabad,Organic,57,15,Hot,10,Desktop,ReferralSite,4,1,0.6,6,6,140,No Payment,1,"It’s nice to have, though not life-changing."
15169,41,Female,Lahore,Referral,18,13,Warm,8,Mobile,Direct,0,1,0.2,9,5,22,Good,1,The quality is impressive for the price.
15178,26,Female,Lahore,Social Media,51,12,Hot,2,Tablet,Google,5,1,0.2,10,0,44,Good,1,Very satisfied with the service.
15228,37,Male,Karachi,Referral,56,14,Hot,7,Tablet,ReferralSite,5,0,0.3,14,0,125,Good,1,I really liked the product.
15230,45,Female,Karachi,Social Media,48,14,Warm,7,Mobile,Google,5,3,0.7,23,9,109,No Payment,1,I use it regularly and it meets my expectations.
15261,32,Female,Karachi,Organic,39,11,Hot,9,Mobile,Google,5,2,0.2,7,9,119,Good,1,It’s a reliable product.
15318,47,Male,Karachi,Organic,36,15,Warm,9,Mobile,Direct,5,1,0.5,12,7,56,Good,1,It does the job as advertised.
15383,26,Female,Karachi,Referral,53,14,Hot,1,Desktop,Direct,5,0,0.5,4,5,155,Good,1,The product works well for my needs.
15393,37,Male,Islamabad,Referral,43,14,Hot,3,Desktop,ReferralSite,4,0,0.2,23,7,128,No Payment,1,Great experience!
15420,45,Male,Karachi,Social Media,23,14,Warm,7,Tablet,Google,3,2,0.4,20,9,71,No Payment,1,"Happy with the purchase, though not exceptional."
15461,45,Male,Lahore,Referral,31,14,Warm,8,Desktop,Facebook,0,0,0.3,23,8,59,Good,1,"It’s nice to have, though not life-changing."
15463,44,Female,Karachi,Organic,15,15,Hot,8,Tablet,Twitter,5,0,0.8,10,8,21,No Payment,1,I use it regularly and it meets my expectations.
15612,26,Male,Lahore,Organic,31,12,Hot,2,Desktop,Twitter,2,1,0.1,17,9,24,No Payment,1,"Solid product, works as expected."
15667,31,Male,Karachi,Referral,53,12,Hot,4,Desktop,Facebook,0,1,0.2,14,8,194,No Payment,1,This product is quite useful.
15679,38,Female,Karachi,Organic,21,15,Cold,9,Desktop,ReferralSite,4,1,0.6,21,6,66,Good,1,It has improved my workflow significantly.
15729,32,Male,Lahore,Social Media,17,15,Hot,10,Tablet,Facebook,1,1,0.2,14,10,28,No Payment,1,Great experience!
15846,45,Male,Lahore,Referral,11,15,Warm,7,Desktop,Google,4,3,0.6,11,7,80,No Payment,1,This is exactly what I was looking for.
15868,34,Female,Karachi,Email,14,15,Cold,7,Mobile,ReferralSite,4,1,0.2,12,4,157,No Payment,1,The product is amazing!
15971,34,Male,Karachi,Social Media,11,15,Warm,9,Tablet,ReferralSite,3,1,0.1,17,4,99,Good,1,This product is quite useful.
16147,42,Female,Lahore,Email,5,15,Cold,8,Desktop,ReferralSite,2,1,0.7,22,7,175,No Payment,1,I really liked the product.
16210,40,Female,Karachi,Referral,47,15,Hot,10,Mobile,Facebook,1,3,0.2,9,5,180,Good,1,The product is amazing!
16249,34,Female,Karachi,Organic,42,11,Hot,5,Mobile,Facebook,1,0,0.4,20,5,50,No Payment,1,"Solid product, works as expected."
16351,46,Female,Karachi,Referral,46,14,Cold,6,Tablet,Google,2,3,0.2,5,6,163,No Payment,1,I use it regularly and it meets my expectations.
16398,38,Female,Karachi,Email,55,11,Hot,4,Mobile,Twitter,3,1,0.1,18,0,83,Good,1,It does the job as advertised.
16429,48,Female,Karachi,Social Media,35,13,Cold,9,Tablet,Google,4,0,0.4,22,7,156,Good,1,It’s a reliable product.
16436,40,Male,Lahore,Email,58,11,Hot,5,Mobile,Direct,1,1,0.3,17,1,75,No Payment,1,The product works well for my needs.
16445,28,Female,Lahore,Social Media,43,13,Hot,4,Desktop,Facebook,5,1,0.6,8,8,44,Good,1,The quality is impressive for the price.
16609,34,Male,Lahore,Social Media,52,15,Hot,5,Tablet,Facebook,4,0,0.5,15,3,81,Good,1,I really liked the product.
16946,44,Female,Lahore,Social Media,50,15,Warm,7,Tablet,Google,0,1,0.7,1,4,84,Good,1,Very satisfied with the service.
16997,36,Female,Lahore,Referral,55,11,Hot,2,Tablet,Google,4,2,0.3,20,0,119,No Payment,1,I really liked the product.
17153,50,Male,Islamabad,Social Media,21,14,Cold,10,Tablet,Facebook,0,2,0.2,18,7,180,Good,1,"Satisfied overall, no major complaints."
17243,38,Male,Islamabad,Email,50,12,Hot,1,Tablet,Twitter,1,1,0.2,14,4,193,No Payment,1,I really liked the product.
17261,29,Male,Karachi,Email,55,11,Hot,8,Desktop,ReferralSite,3,3,0.5,15,1,146,Good,1,I use it regularly and it meets my expectations.
17275,49,Male,Lahore,Email,29,15,Cold,6,Tablet,Facebook,2,2,0.4,16,8,83,Good,1,"Solid product, works as expected."
17347,37,Female,Karachi,Email,13,13,Hot,7,Desktop,Direct,3,0,0.4,18,7,116,No Payment,1,Great experience!
17534,35,Male,Karachi,Email,57,15,Warm,9,Tablet,Google,5,0,0.8,8,4,75,No Payment,1,"Happy with the purchase, though not exceptional."
17799,30,Female,Karachi,Email,40,14,Hot,0,Desktop,Twitter,3,0,0.2,22,10,22,Good,1,"Good quality, but there’s room for improvement."
17863,45,Male,Lahore,Referral,49,13,Hot,7,Desktop,Twitter,1,2,0.6,7,6,170,No Payment,1,A good choice for anyone considering it.
17923,48,Male,Islamabad,Organic,13,15,Cold,7,Tablet,Direct,1,1,0.2,2,7,43,No Payment,1,Very satisfied with the service.
17954,43,Male,Karachi,Email,55,15,Warm,7,Mobile,Twitter,3,3,0.2,2,5,186,No Payment,1,I use it regularly and it meets my expectations.
18004,36,Female,Lahore,Social Media,39,13,Hot,2,Desktop,Twitter,5,1,0.1,10,0,63,No Payment,1,This is exactly what I was looking for.
18006,36,Male,Islamabad,Organic,46,14,Cold,9,Mobile,Twitter,1,1,0.1,17,10,94,Good,1,It has improved my workflow significantly.
18097,36,Male,Karachi,Social Media,53,11,Hot,1,Mobile,Facebook,3,3,0.2,4,5,143,No Payment,1,Great experience!
18204,27,Female,Islamabad,Email,32,13,Hot,0,Mobile,Facebook,2,1,0.7,5,9,61,No Payment,1,I use it regularly and it meets my expectations.
18277,35,Female,Lahore,Referral,39,11,Hot,3,Tablet,Facebook,3,1,0.6,4,1,199,Good,1,It does the job as advertised.
18283,32,Male,Karachi,Organic,47,15,Cold,9,Desktop,Facebook,3,2,0.4,14,6,178,Good,1,Very satisfied with the service.
18290,46,Male,Lahore,Organic,53,15,Cold,10,Mobile,Twitter,2,0,0.6,23,8,138,No Payment,1,I use it regularly and it meets my expectations.
18316,35,Male,Karachi,Organic,52,14,Hot,7,Desktop,ReferralSite,0,3,0.4,21,10,173,Good,1,The product is amazing!
18387,37,Male,Lahore,Social Media,58,12,Hot,0,Mobile,Twitter,5,2,0.2,4,0,117,No Payment,1,"Satisfied overall, no major complaints."
18418,35,Female,Islamabad,Email,18,14,Cold,6,Mobile,Facebook,5,0,0.2,12,9,41,Good,1,A good choice for anyone considering it.
18421,35,Male,Karachi,Organic,54,14,Hot,9,Mobile,Direct,3,3,0.2,22,6,95,No Payment,1,This is exactly what I was looking for.
18437,41,Male,Islamabad,Organic,18,13,Cold,8,Mobile,Google,4,2,0.5,11,6,100,No Payment,1,"Good quality, but there’s room for improvement."
18536,42,Male,Karachi,Social Media,42,14,Hot,8,Tablet,Facebook,3,1,0.6,23,4,30,No Payment,1,A good choice for anyone considering it.
18635,28,Male,Karachi,Social Media,43,15,Hot,5,Tablet,Direct,5,3,0.2,1,6,111,Good,1,"Solid product, works as expected."
18714,38,Female,Lahore,Email,43,13,Cold,7,Tablet,ReferralSite,4,1,0.6,18,5,126,No Payment,1,"Good quality, but there’s room for improvement."
18724,38,Female,Lahore,Social Media,21,13,Warm,6,Desktop,Direct,3,0,0.4,20,9,106,Good,1,Very satisfied with the service.
18763,46,Male,Lahore,Email,49,14,Hot,8,Mobile,Google,0,3,0.7,1,6,186,No Payment,1,A good choice for anyone considering it.
18837,46,Female,Islamabad,Social Media,42,15,Warm,6,Desktop,Direct,5,3,0.6,12,9,193,No Payment,1,The product works well for my needs.
18857,44,Male,Lahore,Referral,57,14,Warm,10,Tablet,ReferralSite,1,2,0.2,23,7,48,No Payment,1,"Satisfied overall, no major complaints."
18858,30,Female,Karachi,Email,5,14,Cold,7,Mobile,Google,2,3,0.6,19,6,138,Good,1,This is exactly what I was looking for.
18912,36,Male,Karachi,Organic,51,15,Warm,6,Desktop,Google,1,1,0.5,13,5,197,Good,1,This product is quite useful.
18923,49,Male,Islamabad,Referral,39,13,Hot,10,Desktop,Facebook,1,3,0.2,9,4,186,Good,1,This product is quite useful.
18980,36,Female,Islamabad,Email,45,12,Hot,10,Desktop,ReferralSite,2,0,0.7,19,1,186,No Payment,1,"Happy with the purchase, though not exceptional."
19019,33,Male,Lahore,Email,17,15,Cold,10,Desktop,Facebook,4,0,0.2,7,10,185,Good,1,Great experience!
19480,34,Female,Karachi,Social Media,30,13,Cold,6,Mobile,Direct,5,0,0.6,7,8,37,No Payment,1,It has improved my workflow significantly.
19508,31,Female,Karachi,Social Media,60,14,Warm,6,Desktop,Facebook,0,2,0.3,13,5,137,Good,1,Great experience!
19520,48,Male,Karachi,Referral,45,14,Warm,6,Tablet,ReferralSite,4,3,0.7,8,9,55,Good,1,A decent product with good value.
19534,45,Female,Lahore,Organic,15,14,Warm,6,Mobile,Twitter,4,1,0.6,21,6,94,No Payment,1,The product works well for my needs.
19634,37,Female,Lahore,Email,15,14,Cold,9,Desktop,Google,2,2,0.8,14,4,115,Good,1,Great experience!
19649,31,Male,Lahore,Organic,53,11,Hot,0,Mobile,Google,5,1,0.5,7,6,153,Good,1,The product works well for my needs.
19734,27,Female,Karachi,Email,44,12,Hot,10,Mobile,Google,5,0,0.7,7,10,56,Good,1,I am generally pleased with the purchase.
19735,50,Female,Lahore,Referral,50,14,Cold,6,Tablet,Google,5,1,0.7,24,10,163,No Payment,1,It does the job as advertised.
19744,35,Female,Lahore,Organic,9,15,Cold,6,Desktop,Twitter,3,2,0.4,19,9,146,Good,1,The quality is impressive for the price.
19833,41,Male,Islamabad,Organic,10,14,Hot,10,Mobile,Twitter,2,3,0.8,20,4,74,Good,1,A decent product with good value.
19847,47,Female,Islamabad,Email,42,13,Warm,10,Tablet,Google,4,0,0.8,15,4,165,Good,1,A good choice for anyone considering it.
19854,29,Female,Karachi,Organic,37,11,Hot,10,Tablet,ReferralSite,5,0,0.6,22,4,83,Good,1,The product works well for my needs.
20089,36,Female,Karachi,Email,34,12,Hot,9,Tablet,Google,5,0,0.8,4,7,174,No Payment,1,This product is quite useful.
20120,40,Male,Karachi,Email,45,15,Cold,10,Mobile,Google,5,0,0.3,9,6,132,No Payment,1,"Solid product, works as expected."
20179,26,Male,Lahore,Referral,60,13,Hot,7,Desktop,ReferralSite,1,3,0.6,14,9,139,No Payment,1,It has improved my workflow significantly.
20294,46,Male,Lahore,Referral,22,13,Warm,9,Desktop,Google,2,3,0.5,20,4,26,Good,1,I use it regularly and it meets my expectations.
20323,39,Female,Islamabad,Organic,60,14,Cold,9,Desktop,Google,4,1,0.6,1,4,137,No Payment,1,The quality is impressive for the price.
20427,32,Female,Karachi,Referral,36,14,Hot,5,Tablet,Twitter,0,2,0.8,9,6,39,No Payment,1,I am generally pleased with the purchase.
20471,35,Male,Lahore,Email,56,13,Warm,6,Tablet,Twitter,4,3,0.3,15,5,98,Good,1,"It’s nice to have, though not life-changing."
20515,26,Male,Islamabad,Email,50,12,Hot,9,Tablet,Twitter,4,1,0.5,2,5,25,No Payment,1,It does the job as advertised.
20554,30,Female,Lahore,Referral,16,15,Cold,7,Tablet,Twitter,0,3,0.1,12,4,188,Good,1,Very satisfied with the service.
20674,49,Male,Lahore,Referral,45,13,Cold,8,Mobile,Google,3,0,0.7,24,7,85,No Payment,1,Very satisfied with the service.
20690,36,Female,Karachi,Email,38,13,Hot,4,Tablet,Google,5,2,0.8,14,9,89,No Payment,1,I am generally pleased with the purchase.
20721,34,Male,Islamabad,Organic,34,13,Cold,10,Tablet,Google,3,3,0.3,13,8,99,Good,1,I am generally pleased with the purchase.
20730,47,Female,Karachi,Email,8,13,Warm,8,Mobile,Facebook,1,0,0.4,18,9,50,No Payment,1,The product works well for my needs.
20910,44,Female,Islamabad,Email,28,15,Warm,7,Tablet,Facebook,1,3,0.3,3,10,83,No Payment,1,The product is amazing!
20954,38,Female,Islamabad,Referral,35,15,Cold,10,Desktop,Google,0,0,0.5,20,7,155,Good,1,Great experience!
21039,34,Female,Islamabad,Referral,55,15,Hot,3,Desktop,ReferralSite,5,1,0.3,14,4,23,No Payment,1,"Good quality, but there’s room for improvement."
21078,28,Male,Lahore,Social Media,54,11,Hot,6,Mobile,Google,4,3,0.3,24,9,23,Good,1,It does the job as advertised.
21091,33,Female,Islamabad,Email,34,14,Hot,10,Tablet,ReferralSite,5,1,0.5,16,2,187,No Payment,1,This is exactly what I was looking for.
21117,32,Female,Lahore,Organic,32,14,Hot,9,Tablet,ReferralSite,0,2,0.2,1,3,50,Good,1,I am generally pleased with the purchase.
21161,50,Male,Islamabad,Email,40,13,Cold,10,Mobile,Google,3,0,0.5,1,9,68,Good,1,Great experience!
21170,35,Female,Lahore,Referral,51,13,Hot,10,Desktop,Google,4,3,0.5,22,3,91,No Payment,1,I am generally pleased with the purchase.
21201,36,Female,Lahore,Email,50,11,Hot,6,Tablet,Direct,0,0,0.1,7,6,93,Good,1,It has improved my workflow significantly.
21203,34,Female,Lahore,Organic,33,13,Hot,2,Mobile,Google,0,0,0.4,12,9,163,No Payment,1,It does the job as advertised.
21437,26,Male,Karachi,Social Media,41,13,Hot,3,Tablet,ReferralSite,3,0,0.7,13,0,165,Good,1,"It’s nice to have, though not life-changing."
21498,50,Male,Islamabad,Referral,34,13,Cold,6,Tablet,Google,1,1,0.5,8,6,110,Good,1,Very satisfied with the service.
21552,32,Female,Lahore,Email,57,11,Hot,8,Tablet,Facebook,3,3,0.7,22,1,109,Good,1,A decent product with good value.
21611,31,Female,Islamabad,Referral,38,11,Hot,4,Mobile,Google,2,0,0.7,13,3,148,Good,1,This is exactly what I was looking for.
21620,35,Female,Islamabad,Organic,41,13,Cold,6,Tablet,Direct,3,3,0.3,15,5,80,No Payment,1,This is exactly what I was looking for.
21673,31,Male,Lahore,Social Media,52,13,Hot,4,Mobile,Twitter,4,2,0.3,15,5,188,Good,1,Very satisfied with the service.
21791,41,Male,Islamabad,Referral,17,14,Cold,7,Desktop,Direct,4,0,0.1,6,5,171,No Payment,1,It does the job as advertised.
21836,39,Female,Islamabad,Referral,32,15,Hot,4,Tablet,Google,4,2,0.7,5,1,67,Good,1,It’s a reliable product.
21897,35,Female,Karachi,Referral,35,11,Hot,2,Mobile,Direct,5,0,0.4,8,1,182,Good,1,"Good quality, but there’s room for improvement."
22011,50,Female,Islamabad,Organic,46,15,Warm,10,Mobile,Google,2,3,0.4,12,7,171,Good,1,It has improved my workflow significantly.
22156,43,Male,Islamabad,Organic,8,14,Cold,7,Desktop,Facebook,3,1,0.3,11,8,85,No Payment,1,Very satisfied with the service.
22162,36,Female,Lahore,Social Media,48,15,Warm,8,Desktop,Twitter,1,2,0.3,12,10,104,No Payment,1,I really liked the product.
22263,41,Male,Islamabad,Email,23,13,Hot,6,Desktop,ReferralSite,5,1,0.4,11,8,191,Good,1,Great experience!
22362,40,Female,Islamabad,Social Media,34,13,Cold,7,Desktop,ReferralSite,1,3,0.7,3,10,159,No Payment,1,"Satisfied overall, no major complaints."
22558,31,Male,Karachi,Organic,52,15,Cold,10,Mobile,Direct,5,1,0.3,4,5,169,No Payment,1,The quality is impressive for the price.
22571,35,Male,Islamabad,Organic,5,13,Warm,9,Mobile,Google,5,1,0.8,5,5,44,No Payment,1,I use it regularly and it meets my expectations.
22662,28,Male,Karachi,Email,38,13,Hot,3,Mobile,Google,4,2,0.3,14,6,100,No Payment,1,Great experience!
22803,34,Female,Islamabad,Email,22,15,Cold,10,Mobile,Twitter,5,0,0.6,23,9,174,No Payment,1,This is exactly what I was looking for.
22804,40,Female,Islamabad,Email,24,15,Warm,9,Tablet,Google,3,0,0.5,21,5,55,No Payment,1,I really liked the product.
22822,39,Male,Karachi,Referral,50,12,Hot,5,Tablet,Facebook,2,3,0.5,2,3,83,No Payment,1,It’s a reliable product.
22797,60,Male,Multan,Email,19,11,Warm,7,Tablet,Google,0,2,0.1,22,1,102,Good,0,It’s functional but needs improvements.
1979,34,Male,Faisalabad,Organic,40,7,Cold,6,Desktop,ReferralSite,4,1,0.4,14,10,28,Good,0,I expected more for the cost.
2217,36,Female,Karachi,Organic,48,4,Warm,10,Desktop,Twitter,5,3,0.2,2,2,39,No Payment,0,Not as reliable as I hoped.
20236,42,Male,Islamabad,Email,20,15,Hot,8,Tablet,ReferralSite,4,0,0.3,2,2,44,Good,0,Disappointing experience.
198,35,Female,Karachi,Referral,9,6,Hot,8,Mobile,Google,0,0,0.3,3,9,106,No Payment,0,I quite like the product.
2610,55,Female,Multan,Organic,48,5,Hot,1,Mobile,Twitter,2,0,0.4,23,9,96,Good,0,Not satisfied at all.
25320,38,Male,Islamabad,Referral,36,7,Cold,4,Desktop,Google,5,3,0.2,21,10,184,Good,0,The product is not bad.
9906,24,Male,Sialkot,Organic,39,2,Cold,8,Tablet,Direct,3,0,0.6,18,6,118,No Payment,0,Didn’t quite work as expected.
4968,37,Male,Islamabad,Email,11,15,Cold,10,Mobile,ReferralSite,1,0,0.4,12,2,163,No Payment,0,"Not terrible, but I’ve seen better."
13694,36,Female,Lahore,Email,14,6,Warm,4,Mobile,ReferralSite,4,3,0.3,18,0,65,No Payment,0,I expected more for the cost.
15480,34,Male,Islamabad,Organic,29,5,Cold,10,Tablet,Google,1,3,0.5,2,1,22,No Payment,0,Feels like it’s missing something.
21647,44,Male,Multan,Email,50,11,Cold,9,Desktop,Direct,3,0,0.4,1,8,71,No Payment,0,A bit underwhelming overall.
4272,47,Female,Sialkot,Referral,33,4,Hot,7,Mobile,Google,4,1,0.6,23,4,180,No Payment,0,This product didn’t work well for me.
14041,33,Male,Gujranwala,Social Media,46,11,Hot,8,Tablet,ReferralSite,3,2,0.3,18,6,174,No Payment,0,Disappointing experience.
15842,54,Female,Gujranwala,Email,23,7,Cold,2,Desktop,Direct,1,3,0.2,24,2,48,Good,0,The product quality is okay.
8487,41,Male,Quetta,Referral,31,9,Cold,7,Desktop,Google,3,0,0.4,3,0,53,No Payment,0,The quality is below average.
23049,29,Female,Faisalabad,Referral,55,11,Cold,2,Desktop,ReferralSite,2,2,0.8,8,6,164,No Payment,0,"It’s decent, but not for me."
22301,40,Female,Multan,Organic,40,6,Cold,8,Tablet,ReferralSite,5,2,0.2,15,5,177,No Payment,0,Not satisfied at all.
15487,38,Male,Rawalpindi,Organic,24,5,Hot,2,Mobile,Facebook,2,2,0.3,11,3,39,No Payment,0,Disappointing experience.
9481,59,Male,Sialkot,Organic,12,5,Cold,1,Mobile,Google,5,1,0.3,19,3,173,No Payment,0,"I’m satisfied, but it’s not a fit for me."
25076,48,Female,Multan,Social Media,38,8,Hot,9,Tablet,ReferralSite,1,3,0.7,18,3,76,No Payment,0,"I like it, but the price is too high."
25022,22,Male,Peshawar,Social Media,14,3,Warm,0,Tablet,ReferralSite,0,0,0.2,8,5,199,Good,0,"It’s decent, but not for me."
14411,59,Male,Multan,Referral,48,9,Hot,0,Desktop,ReferralSite,4,3,0.6,3,4,116,No Payment,0,This product didn’t work well for me.
3932,56,Male,Faisalabad,Social Media,47,15,Hot,3,Desktop,Facebook,1,2,0.2,4,7,176,Good,0,I expected more for the cost.
22260,57,Male,Quetta,Organic,45,8,Cold,4,Desktop,Google,2,1,0.8,17,2,66,Good,0,It did not meet my expectations.
8758,47,Male,Karachi,Organic,24,11,Hot,4,Tablet,Direct,4,3,0.1,2,5,179,No Payment,0,I expected more for the cost.
5105,28,Female,Rawalpindi,Email,17,10,Hot,9,Tablet,Facebook,3,1,0.7,19,9,82,Good,0,I expected more for the cost.
1757,40,Male,Lahore,Email,57,2,Warm,10,Desktop,Twitter,2,3,0.6,14,3,141,Good,0,I don't like the product.
19079,42,Female,Karachi,Email,47,6,Cold,10,Mobile,ReferralSite,2,3,0.6,15,5,73,Good,0,The product is not bad.
19817,52,Male,Karachi,Referral,6,9,Cold,8,Tablet,ReferralSite,1,2,0.7,19,6,198,Good,0,"It’s passable, but I wouldn’t recommend it."
14645,25,Male,Karachi,Social Media,20,12,Warm,7,Mobile,Facebook,2,0,0.8,5,8,174,Good,0,"It’s useful, but not for my current situation."
21430,28,Male,Faisalabad,Organic,14,8,Cold,0,Tablet,Direct,0,3,0.5,14,4,26,Good,0,"I’m satisfied, but it’s not a fit for me."
8401,27,Female,Rawalpindi,Organic,54,10,Cold,2,Mobile,Google,3,0,0.7,19,1,63,No Payment,0,It did not meet my expectations.
1213,49,Female,Lahore,Social Media,6,2,Hot,8,Tablet,ReferralSite,2,0,0.2,15,0,58,Good,0,"It’s nice, but not what I need."
6704,48,Male,Quetta,Email,32,12,Cold,1,Tablet,Facebook,0,3,0.4,10,10,122,Good,0,I might look for alternatives.
8061,26,Female,Rawalpindi,Social Media,25,15,Warm,7,Mobile,Facebook,2,3,0.2,9,2,163,No Payment,0,Not satisfied at all.
22798,56,Female,Peshawar,Email,19,13,Warm,10,Mobile,ReferralSite,4,3,0.2,19,5,43,No Payment,0,Didn’t quite work as expected.
15552,50,Female,Faisalabad,Email,42,9,Hot,10,Tablet,Facebook,3,1,0.7,3,5,125,Good,0,The product has potential.
12636,44,Male,Sialkot,Email,31,12,Cold,10,Mobile,Google,1,3,0.1,6,4,92,Good,0,The experience was frustrating.
19927,59,Male,Sialkot,Social Media,35,12,Warm,3,Tablet,ReferralSite,5,3,0.5,19,4,123,Good,0,It did not meet my expectations.
9972,44,Female,Peshawar,Referral,41,6,Warm,0,Tablet,Facebook,1,0,0.8,23,3,87,No Payment,0,A bit underwhelming overall.
10277,53,Male,Lahore,Referral,22,4,Hot,4,Tablet,Twitter,4,0,0.6,16,7,44,Good,0,Feels like it’s missing something.
11793,20,Male,Peshawar,Social Media,11,5,Cold,0,Mobile,ReferralSite,3,2,0.5,23,10,49,No Payment,0,"I like it, but the price is too high."
16873,41,Male,Sialkot,Organic,7,7,Hot,1,Desktop,Google,5,2,0.3,19,9,33,No Payment,0,"I like it, but the price is too high."
24996,25,Male,Karachi,Referral,46,14,Cold,0,Mobile,Facebook,5,1,0.2,6,1,96,No Payment,0,The product quality is okay.
8294,34,Male,Multan,Referral,15,13,Hot,10,Tablet,Twitter,5,0,0.8,11,6,199,No Payment,0,"Not terrible, but I’ve seen better."
16920,42,Female,Peshawar,Email,40,11,Hot,4,Desktop,Facebook,1,2,0.5,10,8,187,Good,0,"It’s decent, but not for me."
6123,28,Female,Sialkot,Organic,18,8,Cold,8,Mobile,Facebook,2,3,0.7,14,5,174,Good,0,Not a fan of the design.
16483,20,Female,Peshawar,Referral,56,13,Cold,5,Mobile,Google,1,0,0.6,5,8,113,Good,0,A bit underwhelming overall.
7948,49,Female,Quetta,Social Media,19,11,Hot,4,Mobile,ReferralSite,4,2,0.4,22,8,67,Good,0,"It’s nice, but not what I need."
8561,50,Male,Islamabad,Referral,12,8,Hot,10,Mobile,ReferralSite,0,0,0.2,17,0,153,No Payment,0,I don't like the product.
23807,21,Female,Karachi,Organic,19,4,Hot,2,Desktop,Facebook,5,3,0.4,11,4,175,No Payment,0,Not as reliable as I hoped.
10555,28,Female,Islamabad,Referral,12,12,Hot,4,Mobile,Google,5,2,0.5,12,0,132,Good,0,Not satisfied at all.
19666,60,Female,Sialkot,Referral,54,2,Hot,6,Tablet,Facebook,2,0,0.6,5,0,70,No Payment,0,The product quality is okay.
18358,20,Female,Multan,Email,21,13,Warm,7,Desktop,Twitter,0,0,0.7,2,6,28,No Payment,0,The product is not bad.
24188,60,Female,Karachi,Referral,21,2,Hot,10,Tablet,ReferralSite,1,3,0.4,22,0,71,No Payment,0,It did not meet my expectations.
2162,59,Female,Lahore,Email,19,4,Hot,3,Tablet,ReferralSite,2,1,0.7,14,6,175,No Payment,0,It’s functional but needs improvements.
8716,52,Male,Rawalpindi,Email,32,6,Cold,2,Desktop,Facebook,1,2,0.6,18,2,165,No Payment,0,It’s functional but needs improvements.
5806,59,Male,Rawalpindi,Social Media,56,5,Cold,10,Desktop,Twitter,4,1,0.2,17,8,104,No Payment,0,"It’s just okay, not great."
1523,45,Male,Multan,Email,49,10,Cold,6,Desktop,ReferralSite,5,0,0.2,16,6,76,No Payment,0,This product didn’t work well for me.
14486,27,Male,Faisalabad,Referral,49,6,Warm,6,Tablet,Facebook,2,1,0.2,8,2,40,Good,0,The product is not bad.
4032,33,Female,Multan,Referral,15,7,Cold,3,Mobile,Facebook,4,1,0.8,7,1,93,Good,0,"It’s decent, but not for me."
5888,29,Female,Quetta,Organic,7,11,Cold,4,Desktop,Facebook,4,2,0.7,15,9,123,No Payment,0,"It’s useful, but not for my current situation."
3392,39,Female,Islamabad,Organic,39,2,Hot,5,Desktop,Google,4,3,0.8,12,8,86,Good,0,I don't like the product.
17269,45,Male,Faisalabad,Social Media,45,4,Warm,7,Desktop,Google,5,3,0.4,11,2,191,Good,0,"It’s decent, but not for me."
13045,54,Male,Islamabad,Referral,11,7,Cold,10,Tablet,Direct,0,3,0.3,13,6,36,No Payment,0,It did not meet my expectations.
24565,35,Female,Sialkot,Referral,13,4,Cold,10,Tablet,Facebook,5,2,0.7,1,3,51,No Payment,0,Feels like it’s missing something.
10297,23,Male,Islamabad,Organic,6,6,Cold,5,Desktop,ReferralSite,0,1,0.4,3,10,111,Good,0,Disappointing experience.
6567,37,Male,Faisalabad,Social Media,31,5,Hot,4,Tablet,Direct,2,1,0.1,1,8,99,No Payment,0,"It’s useful, but not for my current situation."
16449,34,Male,Lahore,Referral,46,13,Cold,0,Mobile,Twitter,5,2,0.6,12,9,120,No Payment,0,Could have been better.
1988,56,Male,Quetta,Email,22,15,Warm,6,Mobile,Facebook,0,3,0.3,19,6,38,No Payment,0,The experience was frustrating.
2526,26,Female,Karachi,Referral,11,2,Hot,5,Desktop,Twitter,2,1,0.1,5,2,66,Good,0,"It’s okay, but not worth the price."
23834,22,Female,Islamabad,Referral,32,11,Warm,2,Tablet,Twitter,5,0,0.1,18,8,146,No Payment,0,"It’s just okay, not great."
8438,48,Male,Karachi,Referral,14,7,Cold,3,Desktop,ReferralSite,1,1,0.8,2,1,102,Good,0,"It’s passable, but I wouldn’t recommend it."
25564,45,Female,Sialkot,Social Media,11,3,Cold,6,Mobile,Google,3,3,0.4,13,10,70,Good,0,A bit underwhelming overall.
7426,38,Male,Gujranwala,Referral,36,14,Hot,1,Mobile,ReferralSite,4,2,0.8,4,3,73,Good,0,This product didn’t work well for me.
10282,37,Female,Multan,Referral,59,6,Warm,0,Desktop,Google,2,1,0.5,23,6,67,Good,0,I don't like the product.
17976,57,Female,Karachi,Referral,33,7,Cold,3,Mobile,Twitter,2,0,0.3,24,9,173,Good,0,Not as reliable as I hoped.
15732,47,Female,Islamabad,Social Media,9,7,Warm,3,Mobile,Facebook,0,3,0.3,8,2,104,Good,0,"It’s decent, but not for me."
20824,34,Male,Gujranwala,Email,42,9,Cold,2,Mobile,Twitter,5,2,0.7,11,0,179,No Payment,0,"It’s just okay, not great."
21070,43,Male,Faisalabad,Email,43,5,Warm,8,Tablet,Twitter,0,0,0.6,14,4,56,Good,0,It did not meet my expectations.
22415,29,Male,Peshawar,Social Media,51,14,Hot,3,Tablet,Direct,2,3,0.1,15,3,33,No Payment,0,"It’s passable, but I wouldn’t recommend it."
2595,25,Male,Karachi,Referral,15,11,Cold,4,Mobile,Twitter,4,1,0.6,9,5,92,No Payment,0,"I like it, but the price is too high."
16292,52,Male,Gujranwala,Email,26,13,Warm,3,Tablet,Facebook,1,0,0.3,21,3,185,Good,0,Could have been better.
24031,50,Male,Faisalabad,Social Media,5,12,Warm,1,Desktop,Facebook,0,0,0.7,14,0,140,No Payment,0,I expected more for the cost.
1586,23,Male,Karachi,Organic,28,11,Warm,1,Tablet,Twitter,3,3,0.2,15,6,141,No Payment,0,The product quality is okay.
1439,24,Male,Rawalpindi,Organic,21,3,Warm,6,Mobile,Google,2,3,0.8,2,3,99,No Payment,0,"It’s just okay, not great."
13362,46,Male,Rawalpindi,Social Media,22,14,Warm,4,Tablet,Twitter,1,2,0.7,18,4,62,No Payment,0,"It’s okay, but not worth the price."
20048,31,Female,Sialkot,Social Media,57,7,Hot,6,Tablet,ReferralSite,3,3,0.7,20,6,196,Good,0,"It’s decent, but not for me."
2563,55,Female,Peshawar,Social Media,15,12,Hot,4,Tablet,Direct,5,2,0.4,23,3,29,No Payment,0,"It’s nice, but not what I need."
2246,23,Male,Multan,Email,38,14,Hot,0,Mobile,Facebook,3,2,0.5,7,6,112,Good,0,"I like it, but the price is too high."
25476,42,Female,Quetta,Email,41,9,Cold,7,Desktop,Facebook,2,3,0.4,5,8,160,Good,0,"It’s passable, but I wouldn’t recommend it."
3404,47,Female,Rawalpindi,Referral,30,2,Hot,9,Tablet,Direct,0,1,0.3,12,4,30,No Payment,0,"It’s just okay, not great."
4252,35,Male,Faisalabad,Social Media,43,12,Warm,0,Desktop,Facebook,5,0,0.4,11,8,118,Good,0,I might look for alternatives.
11451,39,Male,Peshawar,Organic,53,3,Hot,9,Tablet,ReferralSite,1,3,0.3,1,1,86,No Payment,0,Not as reliable as I hoped.
21318,44,Male,Rawalpindi,Referral,23,15,Cold,10,Mobile,Google,2,2,0.4,2,0,87,No Payment,0,I might look for alternatives.
22113,58,Male,Gujranwala,Referral,40,10,Cold,5,Desktop,Facebook,5,3,0.1,20,4,174,No Payment,0,The experience was frustrating.
19742,41,Female,Islamabad,Social Media,9,15,Cold,3,Tablet,Twitter,1,3,0.8,20,0,146,No Payment,0,Not a fan of the design.
9046,41,Male,Rawalpindi,Referral,46,9,Warm,7,Mobile,Twitter,3,3,0.3,19,10,25,Good,0,Disappointing experience.
7252,40,Female,Faisalabad,Email,25,13,Cold,1,Desktop,ReferralSite,0,1,0.5,17,1,23,Good,0,I don't like the product.
17612,38,Female,Karachi,Social Media,19,9,Warm,6,Tablet,Facebook,5,3,0.7,22,5,103,Good,0,This product didn’t work well for me.
6519,53,Male,Islamabad,Social Media,10,3,Warm,0,Mobile,ReferralSite,1,2,0.6,19,8,150,No Payment,0,The quality is below average.
21371,55,Female,Peshawar,Social Media,48,2,Warm,1,Desktop,ReferralSite,1,0,0.3,18,0,42,Good,0,"It’s useful, but not for my current situation."
8321,49,Male,Islamabad,Email,47,15,Cold,0,Mobile,Facebook,5,2,0.8,13,8,107,Good,0,It’s functional but needs improvements.
11343,28,Male,Lahore,Email,33,4,Warm,6,Tablet,ReferralSite,0,2,0.1,9,9,171,Good,0,It’s functional but needs improvements.
24077,23,Male,Lahore,Email,41,9,Warm,10,Mobile,ReferralSite,2,1,0.4,1,5,161,No Payment,0,Didn’t quite work as expected.
4628,35,Female,Peshawar,Organic,55,10,Warm,3,Tablet,Twitter,1,0,0.3,8,8,184,Good,0,It’s functional but needs improvements.
21085,51,Male,Peshawar,Email,27,14,Warm,10,Mobile,Direct,4,0,0.4,21,8,175,Good,0,"It’s passable, but I wouldn’t recommend it."
25828,23,Male,Islamabad,Social Media,51,15,Warm,0,Tablet,Direct,5,1,0.4,11,8,37,Good,0,This product didn’t work well for me.
7122,57,Female,Rawalpindi,Referral,41,4,Warm,7,Mobile,Facebook,2,1,0.3,24,6,131,Good,0,"It’s useful, but not for my current situation."
10407,39,Male,Faisalabad,Social Media,27,9,Hot,10,Mobile,ReferralSite,0,3,0.4,9,10,184,No Payment,0,"It’s okay, but not worth the price."
15536,56,Male,Peshawar,Social Media,19,7,Hot,7,Mobile,ReferralSite,0,1,0.4,14,4,46,Good,0,The experience was frustrating.
12204,53,Male,Karachi,Referral,22,4,Cold,10,Tablet,Direct,0,2,0.6,19,2,140,No Payment,0,It’s functional but needs improvements.
9897,21,Male,Quetta,Email,18,9,Cold,0,Tablet,ReferralSite,5,1,0.2,7,3,187,No Payment,0,Disappointing experience.
2939,39,Male,Lahore,Social Media,41,3,Cold,4,Tablet,Facebook,4,2,0.5,7,5,198,No Payment,0,Not a fan of the design.
2672,42,Male,Multan,Social Media,49,14,Warm,0,Mobile,ReferralSite,1,0,0.4,15,0,153,Good,0,A bit underwhelming overall.
25659,20,Female,Faisalabad,Referral,51,5,Hot,9,Tablet,ReferralSite,0,2,0.7,23,6,108,No Payment,0,"It’s decent, but not for me."
16825,43,Male,Rawalpindi,Organic,54,9,Cold,4,Mobile,Facebook,0,2,0.4,9,10,189,No Payment,0,The product quality is okay.
20047,27,Male,Multan,Email,53,11,Warm,9,Tablet,Facebook,0,2,0.6,14,2,82,Good,0,The experience was frustrating.
15039,27,Female,Peshawar,Email,41,13,Cold,3,Tablet,Google,4,2,0.4,1,10,129,Good,0,Disappointing experience.
3147,22,Female,Multan,Email,53,12,Hot,0,Tablet,Twitter,3,3,0.1,3,9,134,No Payment,0,The experience was frustrating.
14992,49,Female,Islamabad,Email,60,4,Cold,5,Mobile,Direct,3,2,0.7,22,5,40,No Payment,0,"It’s nice, but not what I need."
3260,43,Male,Multan,Email,58,3,Cold,1,Desktop,Google,2,1,0.7,13,8,113,No Payment,0,The experience was frustrating.
19330,51,Female,Karachi,Social Media,10,11,Warm,2,Desktop,Google,1,1,0.2,13,4,168,No Payment,0,Didn’t quite work as expected.
9360,41,Female,Quetta,Referral,27,15,Hot,0,Tablet,ReferralSite,3,3,0.4,19,2,187,Good,0,"I’m satisfied, but it’s not a fit for me."
22444,44,Female,Lahore,Referral,17,8,Cold,2,Desktop,Google,3,0,0.7,4,10,142,Good,0,This product didn’t work well for me.
18115,47,Female,Gujranwala,Email,25,3,Hot,0,Tablet,Google,5,1,0.4,14,3,187,No Payment,0,Not a fan of the design.
20039,21,Female,Sialkot,Referral,45,7,Warm,3,Tablet,Google,1,1,0.5,1,4,151,Good,0,The quality is below average.
10090,58,Male,Karachi,Referral,40,6,Hot,6,Mobile,ReferralSite,5,0,0.4,23,1,27,Good,0,It’s functional but needs improvements.
19028,41,Male,Gujranwala,Social Media,30,6,Hot,2,Desktop,Twitter,0,3,0.4,9,1,99,No Payment,0,"I’m satisfied, but it’s not a fit for me."
11850,21,Female,Lahore,Email,22,15,Hot,1,Desktop,Google,2,2,0.3,13,2,174,Good,0,Not a fan of the design.
232,26,Female,Faisalabad,Social Media,14,15,Hot,5,Desktop,Google,3,3,0.3,21,6,40,Good,0,Feels like it’s missing something.
22406,54,Female,Karachi,Email,28,3,Hot,7,Tablet,Twitter,4,1,0.7,10,1,97,No Payment,0,"It’s useful, but not for my current situation."
16864,22,Male,Multan,Email,41,9,Cold,6,Desktop,ReferralSite,2,1,0.6,19,1,105,Good,0,The experience was frustrating.
399,47,Female,Peshawar,Social Media,38,3,Cold,1,Mobile,Facebook,2,3,0.2,21,10,36,No Payment,0,"I like it, but the price is too high."
19948,53,Female,Faisalabad,Social Media,28,5,Cold,1,Desktop,Google,0,3,0.4,7,5,30,No Payment,0,Not a fan of the design.
6321,35,Female,Karachi,Social Media,36,7,Warm,4,Tablet,Twitter,4,1,0.1,19,6,91,Good,0,Feels like it’s missing something.
2223,50,Male,Faisalabad,Organic,12,6,Cold,7,Mobile,Facebook,3,3,0.7,7,9,131,No Payment,0,"It’s decent, but not for me."
22021,30,Male,Multan,Social Media,46,11,Cold,7,Tablet,Twitter,4,3,0.7,19,8,171,No Payment,0,Could have been better.
17182,58,Female,Sialkot,Referral,22,7,Warm,3,Tablet,ReferralSite,4,0,0.6,15,9,177,No Payment,0,I might look for alternatives.
19467,34,Male,Rawalpindi,Referral,21,13,Warm,8,Tablet,Facebook,4,2,0.5,11,10,90,Good,0,"It’s okay, but not worth the price."
21097,21,Female,Faisalabad,Social Media,30,2,Cold,6,Desktop,ReferralSite,0,3,0.3,22,0,159,Good,0,It’s functional but needs improvements.
21015,56,Male,Gujranwala,Social Media,30,8,Warm,0,Tablet,Google,0,0,0.3,23,5,125,Good,0,Feels like it’s missing something.
15068,42,Female,Rawalpindi,Organic,9,6,Cold,5,Tablet,Facebook,1,0,0.4,20,8,46,Good,0,It’s functional but needs improvements.
2232,56,Male,Multan,Referral,23,5,Hot,5,Tablet,Facebook,1,2,0.4,18,0,185,No Payment,0,I don't like the product.
12088,39,Female,Sialkot,Email,34,11,Cold,3,Tablet,Facebook,2,3,0.3,19,1,113,No Payment,0,Not a fan of the design.
21131,39,Female,Peshawar,Email,30,6,Cold,8,Mobile,Twitter,5,1,0.2,24,4,43,Good,0,I might look for alternatives.
14985,25,Female,Faisalabad,Email,34,14,Warm,6,Mobile,Google,1,3,0.2,23,2,153,Good,0,"It’s decent, but not for me."
3264,30,Male,Quetta,Organic,49,3,Cold,9,Tablet,Twitter,3,2,0.6,19,2,67,No Payment,0,"It’s okay, but not worth the price."
6664,41,Female,Lahore,Social Media,55,14,Cold,5,Tablet,Google,3,1,0.6,14,10,43,No Payment,0,"I like it, but the price is too high."
10950,59,Male,Islamabad,Organic,51,7,Cold,4,Tablet,Twitter,4,3,0.4,10,9,83,No Payment,0,I quite like the product.
6108,59,Female,Karachi,Email,48,5,Cold,2,Desktop,ReferralSite,0,1,0.4,13,1,87,No Payment,0,A bit underwhelming overall.
16897,24,Male,Faisalabad,Email,60,14,Hot,4,Desktop,Facebook,5,3,0.6,16,8,140,Good,0,The quality is below average.
1502,54,Female,Karachi,Social Media,38,5,Hot,8,Mobile,Twitter,1,1,0.5,21,5,41,No Payment,0,Feels like it’s missing something.
24691,27,Female,Peshawar,Social Media,35,2,Warm,3,Mobile,Twitter,1,2,0.2,23,1,86,No Payment,0,"I’m satisfied, but it’s not a fit for me."
13384,50,Female,Lahore,Referral,33,9,Warm,5,Desktop,Direct,3,1,0.7,13,7,99,Good,0,I don't like the product.
12323,54,Female,Karachi,Organic,34,13,Hot,5,Desktop,Google,4,2,0.8,14,7,60,No Payment,0,It did not meet my expectations.
6535,26,Female,Quetta,Social Media,5,12,Cold,2,Desktop,Twitter,5,1,0.4,9,10,39,No Payment,0,I quite like the product.
14822,48,Female,Rawalpindi,Referral,47,14,Hot,7,Tablet,Direct,4,1,0.7,2,6,82,Good,0,"It’s just okay, not great."
12114,23,Male,Quetta,Email,30,3,Cold,5,Mobile,Direct,0,1,0.6,17,1,191,Good,0,I expected more for the cost.
16973,22,Female,Quetta,Organic,51,12,Warm,10,Tablet,Google,2,3,0.7,11,10,196,Good,0,The product is not bad.
5036,58,Female,Quetta,Referral,16,14,Warm,6,Tablet,Google,3,3,0.7,3,5,105,No Payment,0,"I’m satisfied, but it’s not a fit for me."
12834,59,Male,Sialkot,Referral,31,3,Warm,1,Desktop,Facebook,2,2,0.6,16,0,103,No Payment,0,It did not meet my expectations.
15192,52,Female,Karachi,Email,43,6,Warm,9,Desktop,ReferralSite,1,1,0.1,6,2,163,No Payment,0,A bit underwhelming overall.
17059,36,Male,Quetta,Social Media,33,8,Hot,2,Mobile,ReferralSite,1,0,0.1,12,0,121,Good,0,I expected more for the cost.
18530,34,Male,Sialkot,Social Media,12,4,Cold,1,Tablet,Direct,4,1,0.5,9,2,89,Good,0,"It’s just okay, not great."
11479,28,Female,Peshawar,Referral,39,15,Cold,2,Tablet,Twitter,2,1,0.6,4,2,150,Good,0,I quite like the product.
21151,43,Male,Gujranwala,Social Media,13,3,Warm,4,Desktop,ReferralSite,5,3,0.1,17,4,64,Good,0,Not as reliable as I hoped.
24805,57,Male,Sialkot,Email,11,9,Hot,4,Desktop,Facebook,2,0,0.2,10,0,75,No Payment,0,The product quality is okay.
14573,34,Female,Rawalpindi,Email,60,8,Warm,1,Tablet,Facebook,0,2,0.5,12,8,108,Good,0,The product is not bad.
13376,38,Male,Karachi,Email,54,13,Warm,3,Tablet,Facebook,2,3,0.8,22,2,43,Good,0,Could have been better.
1257,37,Male,Islamabad,Organic,30,6,Cold,8,Desktop,Twitter,2,0,0.4,20,2,133,No Payment,0,"It’s passable, but I wouldn’t recommend it."
1683,52,Male,Multan,Organic,50,14,Hot,8,Desktop,ReferralSite,1,1,0.5,13,2,166,No Payment,0,"It’s decent, but not for me."
19636,43,Male,Faisalabad,Organic,8,11,Warm,9,Mobile,Facebook,1,1,0.8,23,4,143,Good,0,"It’s useful, but not for my current situation."
13941,52,Male,Sialkot,Social Media,47,10,Cold,4,Tablet,Facebook,0,2,0.1,5,3,187,No Payment,0,"I like it, but the price is too high."
25688,32,Female,Lahore,Email,9,11,Hot,8,Tablet,Google,2,0,0.1,12,3,163,No Payment,0,"Not terrible, but I’ve seen better."
11380,28,Female,Gujranwala,Organic,16,7,Hot,5,Desktop,Direct,3,0,0.6,2,8,45,No Payment,0,The product is not bad.
6333,22,Male,Lahore,Email,40,6,Cold,10,Desktop,ReferralSite,1,0,0.7,13,7,167,No Payment,0,"It’s useful, but not for my current situation."
20828,45,Female,Gujranwala,Referral,29,11,Cold,2,Mobile,Twitter,3,2,0.2,6,8,57,Good,0,Disappointing experience.
11114,60,Female,Multan,Referral,24,10,Warm,10,Desktop,Direct,1,0,0.7,19,1,83,No Payment,0,Not a fan of the design.
16196,47,Male,Sialkot,Organic,25,8,Cold,9,Tablet,ReferralSite,2,1,0.4,16,5,177,No Payment,0,"It’s decent, but not for me."
7438,24,Female,Multan,Social Media,19,14,Warm,10,Desktop,Google,1,1,0.1,23,2,175,Good,0,"A good product, but I’m not ready to buy."
10485,56,Female,Quetta,Referral,35,11,Warm,0,Mobile,Twitter,5,0,0.2,18,6,99,No Payment,0,The product is not bad.
5803,46,Female,Islamabad,Referral,60,12,Cold,7,Desktop,Direct,5,2,0.3,14,7,83,No Payment,0,This product didn’t work well for me.
2236,48,Male,Multan,Social Media,56,13,Warm,6,Desktop,Twitter,2,2,0.7,24,4,108,No Payment,0,The quality is below average.
3219,57,Male,Multan,Social Media,12,6,Cold,2,Mobile,Google,0,0,0.2,14,1,166,No Payment,0,Not satisfied at all.
12626,42,Male,Lahore,Referral,11,6,Hot,2,Mobile,Direct,5,1,0.7,6,8,176,Good,0,Not as reliable as I hoped.
6716,59,Male,Sialkot,Organic,24,15,Hot,1,Mobile,Direct,1,0,0.5,14,9,64,Good,0,"A good product, but I’m not ready to buy."
13062,46,Female,Islamabad,Email,41,10,Cold,1,Mobile,Facebook,5,3,0.7,18,0,57,No Payment,0,"A good product, but I’m not ready to buy."
25011,54,Female,Peshawar,Email,52,9,Hot,2,Tablet,Direct,2,0,0.3,12,6,123,Good,0,"I like it, but the price is too high."
1784,23,Female,Peshawar,Organic,13,11,Warm,3,Desktop,Facebook,2,0,0.7,19,10,147,Good,0,I don't like the product.
22136,51,Male,Gujranwala,Referral,7,6,Warm,5,Mobile,Google,4,1,0.5,16,10,185,No Payment,0,I quite like the product.
343,35,Male,Faisalabad,Social Media,11,4,Warm,7,Tablet,ReferralSite,4,2,0.2,24,6,170,Good,0,It did not meet my expectations.
2463,55,Male,Lahore,Social Media,60,15,Hot,4,Desktop,Direct,0,2,0.2,21,6,177,Good,0,Not as reliable as I hoped.
1748,45,Female,Rawalpindi,Email,39,2,Cold,10,Tablet,Twitter,3,1,0.5,10,7,121,Good,0,I might look for alternatives.
11123,59,Male,Islamabad,Referral,29,2,Hot,6,Tablet,ReferralSite,2,0,0.4,1,1,61,No Payment,0,It’s functional but needs improvements.
4848,36,Male,Gujranwala,Social Media,36,9,Cold,0,Desktop,Twitter,2,2,0.2,12,3,196,Good,0,"It’s decent, but not for me."
19939,33,Female,Gujranwala,Social Media,31,11,Warm,2,Tablet,Google,4,2,0.1,7,7,124,No Payment,0,Not as reliable as I hoped.
16830,51,Female,Sialkot,Organic,36,13,Hot,4,Tablet,Direct,2,1,0.4,7,7,134,Good,0,Not satisfied at all.
12697,30,Female,Peshawar,Email,52,8,Warm,6,Tablet,Google,2,0,0.5,14,0,195,Good,0,Could have been better.
6617,43,Male,Islamabad,Social Media,54,4,Cold,1,Tablet,Google,5,3,0.5,18,5,96,No Payment,0,The product quality is okay.
13936,47,Female,Gujranwala,Organic,25,4,Warm,4,Desktop,Facebook,0,1,0.5,1,6,128,Good,0,"I like it, but the price is too high."
18446,37,Male,Quetta,Referral,22,13,Hot,0,Mobile,Twitter,5,3,0.1,19,3,55,Good,0,"A good product, but I’m not ready to buy."
5169,30,Male,Quetta,Organic,15,9,Hot,0,Tablet,ReferralSite,4,2,0.8,19,9,172,Good,0,This product didn’t work well for me.
1469,46,Female,Islamabad,Organic,37,12,Hot,1,Tablet,Direct,2,1,0.2,18,3,65,No Payment,0,The product quality is okay.
17062,45,Male,Gujranwala,Organic,13,12,Hot,9,Mobile,Direct,4,3,0.5,21,9,145,No Payment,0,I expected more for the cost.
25107,37,Female,Faisalabad,Email,41,5,Hot,7,Mobile,ReferralSite,3,0,0.4,19,8,145,No Payment,0,"A good product, but I’m not ready to buy."
15416,39,Male,Faisalabad,Referral,32,12,Warm,3,Tablet,Direct,5,3,0.3,10,1,97,No Payment,0,The quality is below average.
12509,37,Female,Peshawar,Organic,6,8,Cold,7,Desktop,Google,1,2,0.3,9,9,156,Good,0,"It’s useful, but not for my current situation."
25228,55,Female,Quetta,Referral,47,9,Hot,1,Tablet,Facebook,0,3,0.3,7,3,31,No Payment,0,The product quality is okay.
13802,50,Female,Lahore,Email,19,13,Hot,0,Tablet,Facebook,1,1,0.5,7,9,195,No Payment,0,The product quality is okay.
6234,49,Female,Lahore,Social Media,52,10,Cold,5,Mobile,Facebook,0,3,0.2,6,10,178,No Payment,0,I might look for alternatives.
1098,21,Male,Karachi,Referral,29,13,Warm,10,Mobile,Google,3,1,0.2,6,2,64,No Payment,0,A bit underwhelming overall.
16945,50,Female,Peshawar,Social Media,32,6,Warm,1,Mobile,Google,0,0,0.5,14,3,81,Good,0,Didn’t quite work as expected.
21653,23,Male,Lahore,Referral,21,7,Warm,7,Desktop,Google,2,1,0.5,1,3,145,Good,0,A bit underwhelming overall.
19270,39,Male,Quetta,Email,57,10,Hot,8,Mobile,ReferralSite,4,2,0.6,17,9,90,No Payment,0,Disappointing experience.
20417,58,Female,Lahore,Email,25,2,Warm,2,Desktop,Facebook,2,3,0.4,4,10,21,Good,0,"A good product, but I’m not ready to buy."
5361,37,Female,Lahore,Email,32,5,Warm,9,Desktop,Facebook,5,1,0.1,14,3,20,No Payment,0,Not satisfied at all.
2557,23,Male,Karachi,Organic,53,9,Warm,6,Desktop,Google,2,2,0.7,7,7,73,No Payment,0,I don't like the product.
7843,25,Male,Lahore,Email,59,3,Hot,7,Desktop,Direct,5,0,0.7,7,5,29,Good,0,Not a fan of the design.
17123,28,Female,Sialkot,Organic,59,9,Cold,6,Tablet,Google,2,2,0.3,19,4,78,Good,0,A bit underwhelming overall.
23465,30,Male,Multan,Organic,16,9,Cold,8,Tablet,Direct,1,1,0.5,10,8,200,Good,0,Feels like it’s missing something.
11936,21,Female,Gujranwala,Social Media,28,10,Hot,5,Desktop,ReferralSite,2,0,0.4,10,9,167,No Payment,0,"Not terrible, but I’ve seen better."
11918,54,Male,Rawalpindi,Social Media,17,14,Warm,0,Tablet,ReferralSite,4,0,0.1,14,10,77,Good,0,The experience was frustrating.
8784,55,Female,Karachi,Organic,11,12,Cold,4,Mobile,ReferralSite,4,1,0.5,3,7,137,Good,0,The experience was frustrating.
2919,37,Male,Lahore,Referral,9,15,Warm,7,Tablet,ReferralSite,4,3,0.4,7,0,177,Good,0,"I’m satisfied, but it’s not a fit for me."
16067,24,Female,Lahore,Email,8,12,Warm,0,Desktop,Facebook,0,1,0.5,3,1,178,No Payment,0,"It’s useful, but not for my current situation."
8988,27,Male,Islamabad,Email,18,10,Hot,6,Desktop,Facebook,0,1,0.2,15,3,118,No Payment,0,The experience was frustrating.
18532,37,Male,Sialkot,Referral,20,7,Cold,3,Mobile,ReferralSite,2,3,0.5,18,10,199,No Payment,0,The product has potential.
24594,33,Female,Peshawar,Referral,50,7,Cold,4,Mobile,ReferralSite,4,3,0.5,3,2,155,Good,0,Not satisfied at all.
13649,49,Male,Islamabad,Social Media,58,12,Warm,6,Tablet,Google,2,2,0.6,15,10,70,No Payment,0,"Not terrible, but I’ve seen better."
19101,35,Female,Faisalabad,Referral,44,2,Hot,6,Mobile,Google,5,1,0.6,3,10,77,No Payment,0,The product quality is okay.
17965,37,Female,Quetta,Social Media,55,5,Warm,4,Desktop,Google,2,3,0.2,9,10,42,Good,0,A bit underwhelming overall.
24275,35,Male,Karachi,Organic,21,15,Hot,5,Tablet,ReferralSite,2,2,0.6,12,0,48,No Payment,0,The product has potential.
25298,51,Female,Faisalabad,Social Media,27,2,Warm,7,Tablet,Direct,0,1,0.5,24,7,172,No Payment,0,I might look for alternatives.
10547,26,Female,Gujranwala,Email,33,7,Cold,10,Mobile,Direct,0,0,0.5,11,1,38,Good,0,"It’s okay, but not worth the price."
8366,23,Male,Peshawar,Organic,31,14,Cold,6,Desktop,Facebook,1,0,0.4,15,9,78,Good,0,A bit underwhelming overall.
1067,46,Female,Lahore,Email,36,13,Warm,1,Desktop,Facebook,2,2,0.2,23,5,172,No Payment,0,The quality is below average.
18382,42,Male,Faisalabad,Email,56,7,Hot,6,Mobile,ReferralSite,0,1,0.8,5,8,188,No Payment,0,"It’s useful, but not for my current situation."
10973,42,Female,Multan,Referral,5,2,Warm,5,Mobile,Direct,0,2,0.7,17,4,83,No Payment,0,"It’s okay, but not worth the price."
20941,21,Male,Peshawar,Social Media,16,3,Warm,1,Tablet,ReferralSite,1,3,0.7,10,1,142,Good,0,I quite like the product.
12234,37,Female,Lahore,Social Media,26,2,Warm,1,Desktop,Twitter,5,2,0.6,15,8,140,Good,0,"A good product, but I’m not ready to buy."
8964,47,Female,Gujranwala,Referral,23,2,Hot,6,Desktop,Google,0,3,0.2,3,2,45,Good,0,It did not meet my expectations.
11025,24,Male,Peshawar,Organic,24,13,Hot,6,Desktop,Twitter,0,0,0.6,23,8,82,No Payment,0,I might look for alternatives.
14081,35,Male,Faisalabad,Social Media,44,8,Warm,8,Desktop,Direct,5,2,0.4,23,3,39,No Payment,0,The quality is below average.
742,40,Male,Rawalpindi,Referral,15,4,Warm,0,Desktop,Direct,5,1,0.6,15,9,182,Good,0,"It’s useful, but not for my current situation."
7000,31,Male,Gujranwala,Organic,8,6,Hot,5,Tablet,ReferralSite,4,1,0.4,18,0,23,Good,0,It did not meet my expectations.
14505,48,Male,Rawalpindi,Organic,28,7,Hot,0,Mobile,Google,5,1,0.7,1,0,105,Good,0,Not a fan of the design.
10816,45,Female,Multan,Organic,22,7,Warm,1,Desktop,Twitter,5,1,0.3,11,4,103,No Payment,0,A bit underwhelming overall.
3313,46,Male,Lahore,Organic,9,11,Warm,8,Tablet,Twitter,1,1,0.7,20,7,157,No Payment,0,I expected more for the cost.
6876,41,Male,Sialkot,Social Media,18,14,Warm,9,Mobile,Direct,0,3,0.4,8,3,177,No Payment,0,The product is not bad.
24897,44,Male,Gujranwala,Organic,13,4,Cold,5,Mobile,Twitter,0,3,0.5,15,8,177,No Payment,0,Didn’t quite work as expected.
17816,20,Female,Karachi,Social Media,12,10,Warm,0,Tablet,ReferralSite,0,0,0.2,11,4,174,No Payment,0,Feels like it’s missing something.
10327,34,Male,Multan,Referral,49,7,Cold,5,Desktop,Facebook,2,0,0.4,2,9,49,Good,0,It’s functional but needs improvements.
22847,24,Female,Rawalpindi,Organic,53,5,Hot,5,Tablet,Twitter,1,1,0.8,18,2,175,Good,0,"It’s useful, but not for my current situation."
9627,38,Male,Gujranwala,Email,48,9,Hot,6,Mobile,Direct,0,0,0.2,1,9,97,Good,0,Feels like it’s missing something.
15384,38,Female,Peshawar,Referral,55,12,Hot,1,Desktop,Facebook,5,0,0.6,10,5,200,Good,0,I expected more for the cost.
10977,23,Female,Rawalpindi,Email,43,2,Cold,7,Mobile,ReferralSite,0,1,0.2,4,3,132,No Payment,0,This product didn’t work well for me.
24861,27,Male,Gujranwala,Email,8,12,Warm,8,Mobile,Google,4,3,0.4,21,2,53,No Payment,0,Disappointing experience.
201,41,Male,Karachi,Social Media,50,3,Warm,0,Desktop,Facebook,3,2,0.2,22,6,188,Good,0,The product has potential.
21546,43,Female,Quetta,Email,32,11,Warm,6,Tablet,Facebook,3,3,0.7,24,2,185,Good,0,"It’s passable, but I wouldn’t recommend it."
19289,44,Female,Peshawar,Organic,58,12,Hot,2,Tablet,ReferralSite,4,0,0.6,1,10,118,Good,0,"It’s okay, but not worth the price."
20811,20,Male,Lahore,Social Media,19,14,Warm,0,Desktop,Facebook,0,0,0.2,10,9,193,No Payment,0,Didn’t quite work as expected.
8911,27,Male,Faisalabad,Referral,56,11,Warm,3,Tablet,Google,0,1,0.3,24,3,65,Good,0,The product has potential.
26019,59,Male,Islamabad,Organic,7,12,Warm,7,Mobile,Direct,1,2,0.8,2,1,129,No Payment,0,I don't like the product.
14971,52,Female,Karachi,Social Media,5,3,Hot,10,Desktop,Twitter,1,3,0.5,3,2,112,Good,0,This product didn’t work well for me.
16857,33,Female,Peshawar,Organic,30,2,Warm,3,Mobile,Direct,5,0,0.4,8,3,57,Good,0,Could have been better.
15167,49,Male,Karachi,Referral,19,3,Hot,9,Desktop,Facebook,1,0,0.4,7,1,184,No Payment,0,I expected more for the cost.
23286,40,Male,Karachi,Organic,39,3,Cold,10,Tablet,Facebook,3,0,0.1,6,1,107,No Payment,0,"Not terrible, but I’ve seen better."
22192,36,Male,Multan,Social Media,19,6,Cold,6,Tablet,Direct,3,3,0.7,7,8,119,Good,0,"It’s decent, but not for me."
14627,23,Female,Peshawar,Social Media,59,13,Cold,0,Mobile,Facebook,1,3,0.7,11,4,149,Good,0,"It’s passable, but I wouldn’t recommend it."
6884,35,Female,Quetta,Social Media,48,4,Hot,0,Desktop,Twitter,5,2,0.6,15,1,120,No Payment,0,The experience was frustrating.
5422,36,Male,Multan,Social Media,53,8,Cold,9,Desktop,Twitter,1,0,0.6,12,2,154,No Payment,0,Not a fan of the design.
15905,31,Female,Sialkot,Social Media,28,2,Cold,3,Desktop,Twitter,4,0,0.7,23,1,90,Good,0,A bit underwhelming overall.
23778,57,Female,Karachi,Organic,42,15,Warm,3,Desktop,Facebook,1,0,0.2,12,5,133,No Payment,0,I expected more for the cost.
17325,58,Female,Quetta,Social Media,38,9,Hot,6,Mobile,Google,0,3,0.5,15,7,174,No Payment,0,I quite like the product.
18605,33,Male,Multan,Email,49,4,Warm,4,Desktop,Twitter,3,3,0.6,3,4,38,No Payment,0,Could have been better.
15959,35,Female,Gujranwala,Email,32,2,Hot,2,Mobile,Google,0,2,0.2,12,3,113,Good,0,The quality is below average.
13841,41,Female,Peshawar,Referral,50,9,Cold,6,Desktop,Direct,1,1,0.5,6,1,116,No Payment,0,Didn’t quite work as expected.
13439,33,Male,Multan,Organic,31,9,Hot,0,Mobile,ReferralSite,5,1,0.2,18,6,90,No Payment,0,Not as reliable as I hoped.
7709,54,Male,Lahore,Email,35,5,Warm,1,Mobile,Google,4,0,0.6,12,0,133,Good,0,Not as reliable as I hoped.
3133,38,Female,Quetta,Social Media,21,6,Cold,4,Tablet,ReferralSite,2,0,0.2,9,5,57,No Payment,0,It did not meet my expectations.
21893,55,Female,Quetta,Organic,51,8,Warm,4,Mobile,Direct,4,2,0.7,11,3,139,Good,0,Not a fan of the design.
24880,29,Female,Lahore,Email,55,13,Warm,3,Desktop,Direct,0,1,0.3,11,2,186,Good,0,Could have been better.
13289,33,Male,Rawalpindi,Organic,12,7,Cold,1,Mobile,ReferralSite,4,3,0.1,2,4,123,Good,0,Didn’t quite work as expected.
3227,45,Male,Peshawar,Social Media,54,7,Cold,0,Desktop,Facebook,1,3,0.5,2,6,62,No Payment,0,The product is not bad.
18162,41,Male,Rawalpindi,Organic,41,9,Hot,8,Mobile,Facebook,3,2,0.7,20,4,174,Good,0,The quality is below average.
5594,60,Male,Quetta,Referral,56,2,Hot,0,Mobile,Facebook,3,2,0.2,21,8,155,No Payment,0,This product didn’t work well for me.
12424,29,Female,Sialkot,Organic,15,8,Hot,5,Mobile,Google,0,1,0.1,23,5,71,Good,0,I don't like the product.
5409,23,Male,Sialkot,Organic,53,2,Warm,1,Tablet,Twitter,0,3,0.6,19,3,47,Good,0,"It’s passable, but I wouldn’t recommend it."
16710,58,Female,Karachi,Organic,14,4,Hot,0,Tablet,Facebook,3,0,0.5,1,0,38,No Payment,0,Disappointing experience.
15607,44,Female,Faisalabad,Referral,53,8,Warm,7,Desktop,Facebook,2,2,0.4,7,10,147,No Payment,0,"I like it, but the price is too high."
17072,32,Female,Gujranwala,Email,43,10,Warm,5,Desktop,Facebook,0,1,0.1,1,2,74,No Payment,0,Could have been better.
17634,30,Male,Gujranwala,Organic,17,11,Cold,4,Mobile,Twitter,4,1,0.7,8,5,170,Good,0,Not a fan of the design.
7609,50,Female,Gujranwala,Organic,46,14,Warm,3,Mobile,ReferralSite,5,1,0.6,9,7,171,No Payment,0,I expected more for the cost.
15923,27,Male,Multan,Email,40,4,Hot,0,Desktop,Direct,4,3,0.2,12,1,94,No Payment,0,The product is not bad.
23871,58,Male,Rawalpindi,Social Media,57,10,Warm,1,Tablet,Facebook,2,2,0.7,5,10,198,Good,0,"A good product, but I’m not ready to buy."
14656,20,Male,Peshawar,Social Media,5,11,Hot,5,Desktop,Google,5,2,0.5,15,7,193,Good,0,"It’s okay, but not worth the price."
15047,43,Female,Karachi,Social Media,37,14,Warm,5,Desktop,ReferralSite,5,0,0.1,6,3,107,No Payment,0,Not as reliable as I hoped.
907,48,Female,Rawalpindi,Organic,26,11,Warm,1,Mobile,Google,5,0,0.2,24,4,161,Good,0,The experience was frustrating.
1454,56,Female,Sialkot,Social Media,39,6,Cold,0,Mobile,ReferralSite,5,3,0.8,3,4,154,No Payment,0,Could have been better.
23913,35,Female,Sialkot,Organic,54,7,Hot,2,Desktop,Twitter,3,2,0.1,10,9,81,No Payment,0,"It’s okay, but not worth the price."
17080,31,Male,Quetta,Email,12,15,Hot,9,Tablet,ReferralSite,3,1,0.8,13,7,127,Good,0,I expected more for the cost.
6794,50,Female,Sialkot,Email,21,3,Hot,9,Desktop,Direct,1,2,0.3,12,8,39,Good,0,"I’m satisfied, but it’s not a fit for me."
16316,25,Male,Sialkot,Referral,35,15,Warm,3,Mobile,Facebook,2,2,0.8,5,1,156,Good,0,Not a fan of the design.
17927,40,Female,Quetta,Social Media,58,5,Warm,8,Desktop,Google,3,3,0.3,18,5,129,No Payment,0,Not as reliable as I hoped.
14902,45,Female,Quetta,Referral,23,15,Warm,2,Tablet,Google,4,1,0.1,20,5,46,Good,0,"Not terrible, but I’ve seen better."
13913,32,Female,Karachi,Social Media,45,15,Cold,5,Desktop,Twitter,3,3,0.6,14,1,33,No Payment,0,It’s functional but needs improvements.
3439,56,Male,Faisalabad,Social Media,40,7,Warm,2,Tablet,Twitter,0,3,0.6,11,4,180,Good,0,The experience was frustrating.
24360,20,Female,Multan,Email,19,14,Cold,5,Mobile,ReferralSite,2,2,0.6,16,4,116,Good,0,Disappointing experience.
2307,35,Female,Rawalpindi,Social Media,42,15,Hot,9,Mobile,Twitter,2,0,0.6,13,0,82,No Payment,0,I might look for alternatives.
25544,55,Male,Islamabad,Referral,56,10,Hot,8,Desktop,Twitter,2,1,0.2,12,1,113,No Payment,0,The quality is below average.
23397,28,Male,Peshawar,Organic,48,10,Hot,8,Desktop,Facebook,5,3,0.5,20,9,179,No Payment,0,The product quality is okay.
3762,30,Female,Islamabad,Social Media,12,5,Warm,9,Desktop,Direct,2,0,0.6,13,10,92,No Payment,0,"It’s just okay, not great."
24306,45,Male,Lahore,Organic,19,6,Warm,6,Tablet,Direct,2,1,0.2,19,0,185,No Payment,0,"It’s just okay, not great."
18960,31,Male,Quetta,Organic,59,12,Cold,7,Tablet,Direct,0,3,0.3,18,5,191,Good,0,Not a fan of the design.
21341,50,Female,Peshawar,Email,57,6,Hot,9,Desktop,Google,1,0,0.6,21,6,23,No Payment,0,It’s functional but needs improvements.
9354,41,Male,Islamabad,Referral,42,2,Warm,1,Tablet,Direct,0,3,0.8,15,4,140,Good,0,It’s functional but needs improvements.
14842,49,Male,Sialkot,Email,53,12,Warm,1,Mobile,ReferralSite,4,1,0.2,1,10,102,No Payment,0,Not a fan of the design.
9443,52,Female,Sialkot,Organic,40,13,Cold,2,Desktop,Facebook,4,2,0.8,3,4,106,No Payment,0,A bit underwhelming overall.
8311,36,Female,Lahore,Social Media,25,11,Hot,5,Tablet,Direct,1,0,0.3,17,4,188,No Payment,0,Could have been better.
11179,29,Female,Rawalpindi,Organic,34,2,Warm,8,Desktop,Facebook,1,1,0.2,2,0,171,No Payment,0,"Not terrible, but I’ve seen better."
25437,28,Male,Gujranwala,Social Media,45,11,Cold,6,Tablet,Twitter,3,3,0.7,4,4,21,Good,0,Not satisfied at all.
22762,56,Male,Gujranwala,Social Media,57,5,Hot,7,Tablet,Facebook,2,1,0.3,10,5,116,Good,0,Disappointing experience.
6920,42,Female,Rawalpindi,Referral,18,2,Cold,8,Mobile,Google,0,0,0.5,20,4,56,No Payment,0,It did not meet my expectations.
15204,29,Male,Islamabad,Referral,34,6,Cold,1,Mobile,Twitter,2,1,0.1,5,10,184,No Payment,0,Could have been better.
10595,39,Female,Peshawar,Email,26,9,Hot,2,Mobile,Twitter,5,3,0.7,12,5,128,Good,0,This product didn’t work well for me.
17563,51,Male,Gujranwala,Social Media,36,15,Warm,10,Desktop,Google,4,2,0.5,5,1,31,No Payment,0,"It’s nice, but not what I need."
18747,35,Female,Faisalabad,Organic,43,3,Hot,9,Desktop,Direct,1,2,0.2,5,7,77,No Payment,0,I expected more for the cost.
20424,20,Female,Quetta,Referral,11,11,Hot,0,Tablet,Twitter,0,2,0.8,13,1,173,No Payment,0,"Not terrible, but I’ve seen better."
5228,55,Male,Multan,Referral,38,9,Hot,4,Mobile,Twitter,4,3,0.5,18,1,155,Good,0,The product quality is okay.
2932,48,Female,Islamabad,Referral,38,10,Cold,8,Tablet,Google,1,1,0.6,12,5,136,No Payment,0,The quality is below average.
26099,58,Male,Multan,Organic,23,14,Warm,4,Tablet,Twitter,5,3,0.5,23,6,40,Good,0,"A good product, but I’m not ready to buy."
5054,59,Female,Gujranwala,Social Media,23,5,Hot,9,Tablet,Direct,0,3,0.6,14,2,57,Good,0,"It’s decent, but not for me."
5749,21,Female,Rawalpindi,Email,5,10,Warm,10,Mobile,Direct,2,0,0.8,1,7,30,No Payment,0,I expected more for the cost.
24292,44,Male,Peshawar,Social Media,42,11,Hot,4,Desktop,Google,0,1,0.7,23,3,46,Good,0,I expected more for the cost.
24220,56,Female,Sialkot,Organic,59,7,Warm,8,Mobile,Direct,4,0,0.8,19,3,52,No Payment,0,"It’s passable, but I wouldn’t recommend it."
6952,36,Male,Rawalpindi,Organic,17,13,Hot,4,Desktop,Twitter,2,2,0.3,19,8,67,Good,0,Not satisfied at all.
24989,25,Female,Multan,Referral,15,10,Hot,1,Tablet,Facebook,2,2,0.2,3,9,79,No Payment,0,"It’s decent, but not for me."
11994,53,Female,Peshawar,Referral,36,6,Warm,6,Tablet,Facebook,4,1,0.2,2,1,105,Good,0,I don't like the product.
14632,57,Male,Rawalpindi,Organic,40,9,Warm,7,Desktop,ReferralSite,1,1,0.7,5,4,170,Good,0,Not satisfied at all.
11962,57,Male,Gujranwala,Email,38,9,Warm,9,Tablet,Facebook,3,3,0.3,1,9,25,No Payment,0,This product didn’t work well for me.
19610,29,Female,Multan,Organic,8,7,Cold,1,Tablet,Google,1,0,0.1,16,10,114,No Payment,0,Didn’t quite work as expected.
19653,36,Female,Quetta,Social Media,21,15,Hot,10,Mobile,Direct,3,0,0.4,14,6,28,No Payment,0,I quite like the product.
7685,43,Male,Quetta,Email,35,13,Cold,3,Mobile,Direct,3,0,0.5,21,5,90,No Payment,0,I don't like the product.
14504,38,Female,Multan,Email,30,9,Hot,6,Mobile,Facebook,4,3,0.2,17,1,68,Good,0,The product has potential.
17857,26,Female,Islamabad,Social Media,60,2,Warm,8,Mobile,ReferralSite,5,3,0.3,24,7,52,No Payment,0,I expected more for the cost.
14597,52,Female,Sialkot,Email,11,6,Cold,3,Mobile,ReferralSite,4,0,0.5,11,2,129,Good,0,This product didn’t work well for me.
4454,37,Male,Gujranwala,Email,60,7,Warm,8,Mobile,Twitter,0,3,0.8,9,2,59,No Payment,0,"A good product, but I’m not ready to buy."
1687,41,Female,Lahore,Social Media,24,5,Hot,4,Mobile,Facebook,3,2,0.4,23,6,159,Good,0,"Not terrible, but I’ve seen better."
